,D0a,D0b,D0c,D0d,D0.5a,D0.5b,D0.5c,D0.5d,D1a,D1b,D1c,D1d,D2a,D2b,D2c,D2d,Payette,Andrews,American_River_Near_Nile,Cole,Pitman,Encampment,Vallecito,Cedar,Merced,King_Canyon,Halfmoon,Smith,Shitike,Umatilla,South_Santiam,Arlee,Merced_HI,Merced_HI_14,Merced_HI_194,North_Brush,Black_Gore,Beaver,Sauk,Cache,Blazed_Alder,McKenzie,Lookout,Little_North_Santiam,East_Fork_Lewis,Lookout_old,Little_North_Santiam_old,Bear,Skokomish,Fraser,Williams,Randolph,Salina,Merced_CA,NorthBrush_WY,Encampment_WY,Rock_WY,Halfmoon_CO,BlackGore_CO,Vallecito_CO,Beaver_UT,Pitman_CA,Cole_CA,Cedar_WA,Sauk_WA,SFJocko_MT,Andrews_WA,American_WA,Cache_WY,Payette_ID,Umatilla_OR,Shitike_OR,BlazedAlder_OR,McKenzie_OR_OLD,Smith_OR,Bear_CA,Skokomish_WA,Fraser_CO,SFWilliams_CO,Lookout_CO,McKenzie_OR
2001,542.538378802029,434.17340085004093,447.5516335343909,407.6034172390987,866.4537643596268,687.5317012666278,691.6005162811775,641.1335460542291,1201.5143421941616,1014.1618448213894,1022.1801040608848,963.6105633743698,1873.240580225984,1673.8558465412661,1701.04739877702,1645.5068864288914,509.39640289840935,278.8938720637681,598.7510166649347,566.132225527892,553.9792537570765,429.5984000715739,647.0764482204362,1289.465748395482,573.7308251075036,258.30332304243166,336.30182187037906,889.3062588282214,538.6124468958421,337.17315066295583,787.8132602885038,206.87459641264653,519.3100569478628,573.7308251075036,573.7308251075036,314.17227899894567,326.67834732822257,169.54782223633316,1679.3267154077255,192.4935771974234,1121.9700978978296,884.3827741938841,796.3596525762,1170.3080665140942,1057.9284076417712,774.3355802117369,1141.0846436521356,523.5077066746253,1729.7783047814423,383.25738656374097,352.88450548783175,126.54318611295362,125.2343398725211,519.3100569478628,314.17227899894567,429.5984000715739,258.30332304243166,336.30182187037906,326.67834732822257,647.0764482204362,169.54782223633316,553.9792537570765,566.132225527892,1289.465748395482,1679.3267154077257,206.87459641264655,278.8938720637681,598.7510166649347,192.4935771974234,509.39640289840935,337.17315066295583,538.6124468958421,1121.9700978978296,884.3827741938841,889.3062588282214,523.5077066746253,1729.7783047814423,383.25738656374097,352.88450548783175,628.9721952757957,860.3564905198918
2002,309.6496766593927,255.77207648711493,255.28056312601518,241.71756037166682,552.8031411854156,401.54251221146427,438.8035578699124,438.78588569180005,808.635634640556,642.287067266224,680.0199209306605,699.0422839974134,1320.921278867716,1145.5487944461047,1184.2703239961274,1225.4465089812404,809.4036449814566,557.066065798767,1127.4873120935656,767.7485417696378,571.330866100205,286.08018974594586,223.803985986184,2127.121378452828,645.9953995576662,156.02792877082993,223.02474158672948,1630.6904640630755,1092.9025072309253,555.570361279384,1547.75705777849,360.3451979246054,596.1617478437013,645.9953995576662,645.9953995576662,233.2793591629589,235.1233587867029,81.62630615744402,2857.600694876917,331.66750004417327,1969.567570715521,1644.2605253662173,1639.054677522699,2134.8171829150488,2200.4059621691704,1572.8244720463667,2117.282968207024,523.012939525659,3102.0576611323986,265.0813487723407,283.9288286834377,116.66461581634272,50.61730489811113,596.1617478437013,233.2793591629589,286.08018974594586,156.02792877082993,223.02474158672948,235.1233587867029,223.80398598618393,81.62630615744402,571.330866100205,767.7485417696378,2127.121378452828,2857.600694876917,360.3451979246054,557.066065798767,1127.4873120935656,331.66750004417327,809.4036449814566,555.570361279384,1092.9025072309253,1969.567570715521,1644.2605253662173,1630.6904640630755,523.012939525659,3102.0576611323986,265.0813487723407,283.9288286834377,1372.5397369624272,1625.3864030125153
2003,352.8746233909168,280.98273096381706,281.28880773149973,274.42220113052633,572.1027781576802,402.13368699594594,429.0820553533399,458.45689156020853,802.6207984853708,607.9755277510353,625.3201403777113,667.0054754352719,1264.5027311657102,1057.4241646521941,1079.9789402941924,1059.7252946058338,798.085613171165,466.1770027066254,867.2836452444114,894.8405618530472,664.5417431034048,452.0424649879792,515.613736088738,1483.0100687847478,748.4915656399883,284.4723605123341,360.7702038168955,1374.9959033313392,907.0056114506488,578.3910920947941,1356.8341603192316,312.71922420261626,670.8106387919239,748.4915656399883,748.4915656399883,367.65461432687766,382.55409989676286,148.50705910461738,1934.463135797685,303.91067085458485,1597.072274507457,1363.1377572360698,1373.8655010267528,1822.3783529406635,1608.9654458312048,1312.9312623487633,1761.1064235317524,639.9030313496927,2534.851183149024,404.877370032797,415.6251409277861,147.80316934130596,97.6919610184166,670.8106387919239,367.65461432687766,452.0424649879792,284.4723605123341,360.7702038168955,382.55409989676286,515.613736088738,148.50705910461738,664.5417431034048,894.8405618530472,1483.0100687847478,1934.463135797685,312.71922420261626,466.1770027066254,867.2836452444114,303.91067085458485,798.085613171165,578.3910920947941,907.0056114506488,1597.072274507457,1363.1377572360698,1374.9959033313392,639.9030313496927,2534.851183149024,404.877370032797,415.6251409277861,1101.3070339222795,1346.3347514797013
2004,472.0498740212732,375.13110167266905,371.5580790671579,339.7600465755411,674.9219979878433,501.3639426572099,492.31689537013614,458.451291868338,887.1007323272947,702.3832571439937,696.3567853286986,652.4954455786697,1312.6171391356377,1121.9400015432145,1111.160506829038,1102.9400577423912,693.861517725095,491.7257011333864,909.4803421131876,680.4489038763244,499.9709808497786,407.9538640271981,549.3859057353507,1863.325199843203,576.9792830510265,203.7461970957761,315.1951187401818,1580.547942451553,971.2134414731148,504.82086318696486,1431.1920627981167,247.9655130021015,536.2439747173117,576.9792830510265,576.9792830510265,256.0310321049893,274.25404819268675,150.3338341058703,2546.133922235822,303.68472067810296,1829.85817936461,1495.1549563815558,1490.868047978698,2035.707379625085,1787.2228916741842,1432.0506005664029,1953.8545889942816,536.7517360373297,2811.882734339848,379.1595884957504,348.1372264736906,135.9193019292369,114.80017745917736,536.2439747173117,256.0310321049893,407.9538640271981,203.7461970957761,315.1951187401818,274.25404819268675,549.3859057353507,150.3338341058703,499.97098084977864,680.4489038763244,1863.325199843203,2546.133922235822,247.9655130021015,491.72570113338634,909.4803421131876,303.68472067810296,693.861517725095,504.82086318696486,971.2134414731149,1829.8581793646101,1495.1549563815558,1580.547942451553,536.7517360373297,2811.882734339848,379.1595884957504,348.1372264736906,1225.5211126647223,1460.937948224705
2005,254.67587331058334,201.86042024316615,192.2273521961685,206.60895728045466,463.5686729905999,317.6430026525172,321.4904401437156,321.18605314762397,685.6950091533579,523.2582705428385,545.3354732610235,530.4827768680227,1131.4226441643925,956.8933499424279,998.570291531348,1002.8048970235657,694.5325016535267,426.6234283116973,768.8036612670313,1227.4152088952585,1106.5256090298124,548.3872933592686,808.6729940771537,1573.79524029476,1181.4901446167498,358.18285240400104,393.2104837161763,1270.8302014303604,808.6051624971406,358.3027621543787,1223.3348984148438,299.2788140882133,1080.15752721485,1181.4901446167498,1181.4901446167498,412.2332922606492,423.85327417215626,336.6821219764911,2114.3961122634173,414.0007462798611,1409.108732324406,1257.5276907948812,1231.5602054014214,1639.515290595415,1487.5805394435351,1195.7784444714152,1613.3937859968755,1068.9451859503406,2350.717690528809,431.9092988101236,478.48397496492896,313.8506770502305,208.24764826296047,1080.15752721485,412.2332922606492,548.3872933592686,358.18285240400104,393.2104837161763,423.85327417215626,808.6729940771537,336.6821219764911,1106.5256090298124,1227.4152088952583,1573.7952402947599,2114.3961122634173,299.2788140882133,426.62342831169724,768.8036612670313,414.0007462798611,694.5325016535267,358.3027621543787,808.6051624971406,1409.108732324406,1257.5276907948812,1270.8302014303604,1068.9451859503406,2350.717690528809,431.90929881012363,478.48397496492896,953.9809526269815,1238.3453846809184
2006,350.77620890275847,263.3095417785825,259.19853925804165,241.13231921924395,536.8351749968424,373.64293256760993,379.89924644842404,373.1791035351513,733.9442661556167,556.43533579741,554.7364941403935,566.2225238482372,1129.048106849502,944.2243436896711,935.551673416549,921.3795531499158,1056.8329674038555,515.9977852713006,1125.36832266603,1375.5878857954172,1077.7012052654677,464.04034397171415,532.0048117522459,2015.247675103188,1191.7297197077626,220.36088506738,330.00371423755405,1823.8673681375856,1252.034795349352,628.824776331946,1731.276206680528,365.2421357303951,1078.647923273884,1191.7297197077626,1191.7297197077626,332.9704073096682,355.8945524598668,138.0164186079247,2492.274388349283,431.62105475620535,1988.7903567462868,1824.605406861296,1859.7787179042623,2217.116474559605,2039.98643435082,1772.9571643926909,2159.074420184812,1053.0030213393882,2737.959083997297,351.9366751935762,396.7062845625479,208.2036670447409,108.42626436668353,1078.6479232738839,332.9704073096682,464.04034397171415,220.36088506737997,330.00371423755405,355.8945524598668,532.0048117522459,138.0164186079247,1077.7012052654677,1375.5878857954172,2015.2476751031875,2492.274388349283,365.2421357303951,515.9977852713006,1125.36832266603,431.62105475620535,1056.8329674038555,628.824776331946,1252.034795349352,1988.7903567462868,1824.605406861296,1823.8673681375856,1053.0030213393882,2737.9590839972975,351.9366751935762,396.7062845625479,1527.6144746072982,1806.6499810286443
2007,268.24676396688454,181.15936402954983,163.70101942511502,181.1410390226432,525.561186344738,337.0143808641895,330.79773549182,324.75083991197494,797.78735191556,593.8139365308913,603.2325384411461,583.4372396669212,1343.7821361528624,1126.4344330963447,1144.6040083219152,1143.1494168732243,699.7094509436506,523.5043403239378,1127.0335803591745,604.8028445351373,358.3655792136837,489.2415369052336,676.4071508635342,2101.446679705594,404.9404722030267,265.62761563434105,379.4434299054533,1694.199660590305,1103.9467430770037,533.9602541770581,1675.9682687091154,309.20698237631325,383.3897326965676,404.9404722030267,404.9404722030267,357.2330932124726,426.4783220256194,171.6589457987712,2833.1378643200687,289.6105466262732,1821.8876329412324,1694.0984042322657,1767.6050740274372,2145.067020240654,2075.113181178652,1686.3613494814551,2094.7406695097184,347.83822207211887,2964.0889217023578,488.1194105272029,510.1466355672589,148.6169802196626,105.1051526134291,383.3897326965676,357.2330932124726,489.2415369052336,265.62761563434105,379.4434299054533,426.4783220256194,676.4071508635342,171.65894579877119,358.3655792136837,604.8028445351373,2101.446679705594,2833.1378643200687,309.20698237631325,523.5043403239378,1127.0335803591743,289.6105466262732,699.7094509436506,533.9602541770581,1103.9467430770037,1821.8876329412324,1694.0984042322657,1694.199660590305,347.83822207211887,2964.0889217023578,488.11941052720294,510.14663556725884,1448.795627305456,1676.3671847625565
2008,415.6436227285619,345.3554117119262,366.4032178562659,336.2787519298977,675.3850841294474,514.8393717451999,541.8187571739315,545.4083641911517,945.85725634262,780.1690376448953,802.222829571179,821.8902612431992,1487.5028116566807,1314.1314914205784,1343.8155042050175,1359.5459577327201,916.517159605264,428.6588034960307,1076.9849318688566,714.8637779935419,630.9513075746794,562.8803619476494,710.1346439153181,2027.467807318196,678.852252234905,283.4096629680212,429.31621643682655,1909.6108755478635,1149.872141272348,584.0091060328052,1773.0279574168412,361.2395923715214,602.298145217536,678.852252234905,678.852252234905,384.3133259493745,440.4550121763288,133.89031562744862,2535.7607226464625,452.3301395360868,2066.5246290141854,1835.6518481567675,1945.037109972244,2342.4600526661293,2092.355604552912,1867.6096946194928,2340.2589805654547,695.0038579582415,2481.5471867239803,407.1451178052633,464.3826495860613,173.35085094300268,96.3917938534684,602.298145217536,384.3133259493745,562.8803619476494,283.4096629680212,429.31621643682655,440.45501217632875,710.1346439153181,133.89031562744862,630.9513075746794,714.8637779935419,2027.4678073181958,2535.7607226464625,361.2395923715214,428.6588034960307,1076.9849318688566,452.3301395360868,916.517159605264,584.0091060328052,1149.872141272348,2066.5246290141854,1835.6518481567675,1909.6108755478635,695.0038579582415,2481.5471867239803,407.1451178052633,464.3826495860613,1651.031513872329,1793.0220257118692
2009,468.23105168912076,391.0124017286289,397.93240588099013,392.7181059151726,663.3271848314868,501.9283867279131,534.5218462192212,556.1209514132149,869.4474482878223,685.7881946238555,724.8456971280973,755.923864420063,1283.2618031750249,1081.6369017179256,1125.9735862980406,1176.6635807382195,864.6690076377274,368.01697229070896,1073.2166737835882,849.5742110358382,655.240470150803,564.368719975551,585.2268115640261,2038.1412910207264,752.3114133443235,335.2214915530657,401.7701010314808,1620.0816169227576,1076.7504279248324,614.3729653019773,1500.6595351569172,324.4672925930926,686.7898975423961,752.3114133443235,752.3114133443235,419.38843290733945,401.1365721046385,141.8575947887229,2220.568961674648,485.9793705779498,1928.2239835302044,1635.5472705056975,1606.9498118198337,2077.7688746585213,1949.332521552236,1536.3182549160704,2052.0318349565296,662.2064293301463,2069.090395820606,435.6260431447045,458.6638354369715,220.0007915771598,107.05906169090534,686.7898975423961,419.38843290733945,564.368719975551,335.2214915530657,401.77010103148075,401.13657210463845,585.2268115640261,141.8575947887229,655.240470150803,849.5742110358382,2038.1412910207266,2220.5689616746477,324.4672925930926,368.01697229070896,1073.2166737835882,485.9793705779498,864.6690076377274,614.3729653019773,1076.7504279248324,1928.2239835302044,1635.5472705056975,1620.0816169227576,662.2064293301463,2069.090395820606,435.6260431447045,458.6638354369715,1345.8336348853886,1577.5196661954096
2010,381.2300065650388,285.7361315474281,273.1555748267592,280.69754483350874,619.537569172747,444.4800434531354,424.09851452393366,391.72370253525446,868.343930857768,680.6482694977316,661.9007885885005,607.2344303909841,1367.1348779690015,1172.258198595338,1146.7129559078012,1088.19700557388,740.6960065690008,505.7548434579529,1010.7724572578254,1048.2078851023216,872.2525927514134,573.444501354169,563.5773902899068,1844.224248905072,900.266006956342,365.1988680940784,364.0073025735859,1550.818690112495,1009.3303481372824,481.9753904884981,1489.2689307662206,246.2490240252031,816.9408776182826,900.266006956342,900.266006956342,459.5107196080159,399.2516089898254,195.3158671712732,2463.840743112859,304.8295994337162,1795.86849351689,1491.0666020922824,1506.7187890624657,2043.4898990178183,1856.0488887768013,1454.3855802780686,1973.4415466502385,823.7440929044562,3196.8640669485458,457.5155240165536,461.0267533030092,145.58272821619914,110.9700951389149,816.9408776182826,459.51071960801585,573.444501354169,365.1988680940784,364.0073025735859,399.2516089898254,563.5773902899068,195.3158671712732,872.2525927514134,1048.2078851023216,1844.224248905072,2463.840743112859,246.2490240252031,505.7548434579529,1010.7724572578254,304.8295994337162,740.6960065690008,481.9753904884981,1009.3303481372823,1795.86849351689,1491.0666020922824,1550.818690112495,823.7440929044562,3196.8640669485458,457.5155240165536,461.0267533030092,1197.9248352453233,1471.2180888268986
2011,274.0549979750444,199.37348730939905,179.58843863458756,193.45962905642,527.5699990943258,348.44473731447783,348.4319931221162,357.69161717046774,793.2774939158858,607.5841614683741,609.4331703020099,610.0797568570553,1325.7895567748064,1133.4979408465383,1154.1725006104,1115.037786899244,1013.3656699176432,605.0455672032124,1323.6111500584298,1530.947184966628,1208.6026863300035,724.6350425288705,521.7266007901923,2473.6256603272896,1281.503049305781,348.63512355950616,445.2910078305642,1912.612042461129,1264.710789142469,780.1569714047812,1865.488246007411,546.110695549457,1182.1468455364811,1281.503049305781,1281.503049305781,490.1379760572346,456.76907322286127,286.6134007114557,2903.686128950646,579.3545032126683,2238.461991880636,1892.6488043625604,1961.144726705144,2481.460838988856,2451.24245886066,1875.2512256007867,2418.179879772263,1139.958854131624,3083.850442625461,440.7390438179581,486.8336546486678,362.0573395814094,188.30812329170624,1182.1468455364811,490.1379760572346,724.6350425288705,348.63512355950616,445.29100783056424,456.76907322286127,521.7266007901923,286.6134007114557,1208.6026863300037,1530.947184966628,2473.6256603272896,2903.686128950646,546.110695549457,605.0455672032124,1323.6111500584298,579.3545032126683,1013.3656699176431,780.1569714047812,1264.710789142469,2238.4619918806357,1892.6488043625604,1912.612042461129,1139.958854131624,3083.850442625461,440.7390438179581,486.8336546486678,1621.0015229855285,1870.9987699271537
2012,517.779000371782,431.25344176182557,447.5295011775893,431.24504710601184,771.4077299155041,582.8531746319267,610.6280998640312,626.2703478469091,1038.2450241334898,827.1673487348783,853.1899754360115,875.326096554481,1573.2203084149887,1344.3636011277874,1355.059312388642,1386.7683406426427,828.2152939517765,523.3507014869684,1236.2300077839836,622.608343727889,432.6675824320544,339.15409468762795,431.3995971509991,2200.986178272712,484.7241708448592,191.18639910443176,210.53319625946887,1844.1433054305407,1218.3552563372014,593.9499420632551,1753.7744013757742,354.9876867787481,438.3552632860646,484.7241708448592,484.7241708448592,263.9959473490981,222.1177435149044,114.02833473485929,2744.092262578157,330.8588201635571,2040.251310650587,1838.426485760453,1847.082901433213,2318.06116489478,2207.422420831557,1764.7383124001108,2266.718945173038,422.4161244649527,2679.839658444353,338.49073378668203,319.0601950260559,115.43482464281468,77.51317214183159,438.3552632860646,263.9959473490981,339.15409468762795,191.18639910443176,210.53319625946892,222.11774351490442,431.3995971509991,114.02833473485927,432.66758243205436,622.608343727889,2200.9861782727116,2744.092262578157,354.9876867787481,523.3507014869684,1236.2300077839836,330.8588201635571,828.2152939517765,593.9499420632551,1218.3552563372014,2040.2513106505867,1838.426485760453,1844.1433054305412,422.41612446495265,2679.839658444353,338.49073378668203,319.0601950260559,1522.2381517396943,1812.0232445115885
2013,399.38984370342695,307.916610112182,307.77027375066916,310.70455235442415,608.4110308212674,442.5239395575514,469.55510729890887,478.72198925061065,829.4086247666405,639.5840053480765,662.3999130051664,700.1712233814815,1272.9610807279357,1065.786320538012,1087.6301679620476,1092.285583321262,728.8213832110478,541.895920874053,1079.376572741356,659.8232452065179,420.3904625309666,347.5319074840823,405.2808463754074,2117.72359566208,544.5655248363994,186.2002104045996,354.169842895738,1568.6652803933198,981.290300375012,540.4520780087605,1559.6316595647586,315.4205756610288,488.7252390947604,544.5655248363994,544.5655248363994,255.7500968151727,381.2211524486538,115.64723656206272,2783.312172102218,294.50723559983777,1843.1503222514664,1553.9117858686532,1604.3773525352492,2084.9620386702773,2102.332318397709,1531.7061439068648,2035.7686844452323,426.9657137544395,2698.8473450654656,374.9266149194145,389.43459277736446,122.93126527730765,66.47544044980386,488.72523909476035,255.7500968151727,347.5319074840823,186.2002104045996,354.169842895738,381.2211524486538,405.2808463754074,115.64723656206272,420.3904625309666,659.8232452065179,2117.7235956620802,2783.312172102218,315.4205756610288,541.895920874053,1079.376572741356,294.50723559983777,728.8213832110478,540.4520780087605,981.2903003750121,1843.1503222514666,1553.9117858686532,1568.6652803933198,426.9657137544395,2698.8473450654656,374.9266149194145,389.43459277736446,1305.1018913600933,1510.048707412798
2014,363.1681589747481,290.70493080705705,290.6560204006837,278.3923148179374,635.417210424308,488.4543101010348,477.8351434569448,436.362820410451,922.800046958613,771.6836140971047,792.6694578915128,738.4283147568315,1498.9997005678442,1343.7397430083186,1393.837482522444,1414.796921222897,844.2425285910859,491.19671293919487,1215.311259570325,495.1907439062312,264.63144578145545,619.7642490077826,525.8251499542716,2220.1435069921235,364.41131216817934,385.799688219428,463.72372506324473,1641.4683760405314,1069.3588532923438,626.9610825640453,1596.39040598052,405.7920870705136,334.694652415188,364.41131216817934,364.41131216817934,488.1503128282257,495.5016101081844,133.56543629928814,2680.3568130056165,470.1739163909645,1869.9412542075977,1630.490978019821,1654.5778595150755,2155.1932724930543,2047.6175053405464,1588.4046480614552,2089.95431697136,382.8103474973464,2285.974322380765,492.4799777752215,533.5629658919111,168.48642290369486,91.98086167563189,334.694652415188,488.1503128282257,619.7642490077826,385.79968821942794,463.72372506324473,495.5016101081844,525.8251499542716,133.56543629928814,264.63144578145545,495.1907439062312,2220.1435069921235,2680.3568130056165,405.79208707051356,491.19671293919487,1215.311259570325,470.1739163909645,844.2425285910859,626.9610825640453,1069.3588532923438,1869.9412542075977,1630.490978019821,1641.4683760405314,382.8103474973464,2285.9743223807654,492.4799777752215,533.5629658919111,1314.8024782972009,1626.512371737806
2015,341.8348431764039,259.1283550862038,247.2996575330465,254.86383242584253,583.6114773295419,407.0878643789712,431.84956415487085,473.847180966014,839.7582728694604,641.6429926040514,649.9622871810316,689.3065083670195,1352.9909978459814,1142.9719871369125,1147.0993060942274,1117.0447094747526,675.9083225453777,473.4971562223197,940.2010325220242,499.52863439760216,221.60199917360868,443.9289503270118,592.7533706880254,1763.3945035949905,376.1504182951372,336.0371255830684,396.5710164565548,1347.545069152408,894.0581515074443,503.7781341826693,1299.792159439549,287.62375508452965,332.48553365009184,376.1504182951372,376.1504182951372,399.0384687183951,414.20035810475287,119.36590507668453,2257.52047255764,299.29068458782825,1454.3142616796283,1326.700280127308,1348.105428307456,1679.2401808072948,1593.2623596703334,1290.4775940566706,1616.0999742380134,374.6017138864726,2514.676884632222,460.790681686368,470.3113868314852,140.19565679543837,87.3733771696905,332.48553365009184,399.03846871839505,443.9289503270118,336.0371255830684,396.5710164565548,414.20035810475287,592.7533706880254,119.36590507668453,221.60199917360868,499.52863439760216,1763.3945035949903,2257.5204725576396,287.62375508452965,473.4971562223197,940.2010325220242,299.29068458782825,675.9083225453777,503.7781341826693,894.0581515074443,1454.3142616796285,1326.700280127308,1347.545069152408,374.6017138864726,2514.676884632222,460.79068168636803,470.31138683148515,1062.8053093894357,1330.1080572662402
2016,335.90376963169956,261.3681484124705,254.26218350383448,248.70188401803017,624.8811622767188,454.2404957893667,458.89655309911313,433.0995723742917,927.262445079804,744.8036849787343,762.4732559237616,745.9597763226982,1533.1208284875463,1340.6144889503034,1372.6853933161929,1389.2044700926228,846.9814696829465,571.8108997665364,1272.1060375639845,1024.8744282747325,663.1618668690355,461.3623777820176,611.8974269079248,2230.7567201423967,807.020405181592,328.5054262836455,357.88877780847,1621.3329861591872,1069.9212915907174,573.9416550606669,1600.3801538827822,290.88835246001304,703.8108029955214,807.020405181592,807.020405181592,414.8276106016197,383.20864239416096,198.77275429071287,2768.346185759531,335.3713852628648,2011.356613953836,1619.6057687397124,1661.9589656566086,2198.447448481063,2253.530604654876,1584.1052127737162,2128.265626227764,675.7539972391864,3073.879329705115,414.3258790577392,432.2433446253525,183.782733512474,123.64030532714668,703.8108029955214,414.8276106016197,461.3623777820176,328.5054262836455,357.88877780846997,383.20864239416096,611.8974269079248,198.77275429071295,663.1618668690355,1024.8744282747323,2230.7567201423967,2768.346185759531,290.88835246001304,571.8108997665364,1272.1060375639845,335.3713852628648,846.9814696829465,573.9416550606669,1069.9212915907174,2011.3566139538354,1619.6057687397124,1621.3329861591872,675.7539972391864,3073.879329705115,414.3258790577392,432.2433446253525,1360.6913442082057,1595.8776974547905
2017,339.9838603205013,250.9996841050825,252.08954899462415,236.74357306314673,610.521982805392,420.49137197857937,410.0154746952155,391.79787088160936,894.3397138687313,689.0314456909408,690.7211741636639,646.8885549022774,1463.5134053029058,1241.3984497033084,1252.0628985945946,1226.8953224257666,1126.719023411146,646.5933853382168,1329.028477721714,1898.9646474863905,1438.078776321468,590.2374797716145,686.1705648852383,2206.638271115896,1596.8172390428904,283.42754360957423,413.3100805517497,2045.7036999626407,1310.459497829369,771.6115612659743,1986.722117597333,469.3870723159863,1460.335335065739,1596.8172390428904,1596.8172390428904,382.4848305393689,387.5925996363424,209.4957294162682,2809.8653974699214,607.0810179172865,2382.3301266944845,1972.830497670789,2108.8563584060885,2621.215117390112,2569.937114276385,2017.38768697534,2563.2408161972826,1381.0406736223786,3373.0891924251587,406.362881775588,429.768250952196,380.0291502257417,136.20036638490927,1460.335335065739,382.4848305393689,590.2374797716145,283.42754360957423,413.3100805517497,387.59259963634236,686.1705648852383,209.4957294162682,1438.078776321468,1898.9646474863905,2206.638271115896,2809.8653974699214,469.38707231598625,646.5933853382168,1329.0284777217141,607.0810179172865,1126.719023411146,771.6115612659743,1310.459497829369,2382.3301266944845,1972.830497670789,2045.7036999626407,1381.0406736223786,3373.0891924251587,406.362881775588,429.768250952196,1745.7418897917137,1948.9917839063103
2018,428.66754096234564,370.3706015674599,377.0897160925552,389.95393814624066,604.9226534243809,442.8297294779221,505.66499752889723,566.0976501277303,795.0803782829754,599.4305232381803,650.3358127644918,735.9912986124629,1176.456717966962,961.8462224484797,1001.8834250452466,1042.0440692461016,889.9256000744381,594.4397945360622,1195.3050699017326,867.905808824265,538.7690668462978,458.5869280479925,373.24969319993465,2193.955391469205,695.3920668508574,253.81933451138792,299.086348549924,1509.941544315858,960.2369270744708,670.135476331446,1471.2024664354435,495.1916660247955,627.1201200857831,695.3920668508574,695.3920668508574,343.8677873983394,358.30516806341546,108.63396176241142,2757.1684754775706,527.091654295616,1827.892847855344,1506.2524188058226,1536.6976156639057,1975.5232606635448,2170.284074506804,1474.801180634716,1941.912749494658,574.2825980244395,2637.944097386749,381.5380643751394,400.376113576366,151.87953361001234,52.402138707154975,627.1201200857831,343.8677873983394,458.58692804799244,253.81933451138792,299.086348549924,358.30516806341546,373.24969319993465,108.63396176241142,538.7690668462978,867.905808824265,2193.955391469205,2757.1684754775706,495.1916660247955,594.4397945360622,1195.3050699017326,527.091654295616,889.9256000744381,670.135476331446,960.2369270744707,1827.892847855344,1506.2524188058226,1509.941544315858,574.2825980244395,2637.944097386749,381.53806437513947,400.376113576366,1262.5896363032048,1467.5071990354927
2019,619.047299827845,515.3266813936114,523.8219762304318,540.2209573638145,845.8709908636855,657.9870176922058,647.610148518564,650.7530094154587,1082.3213102570603,885.6477806317574,881.6852468977099,866.9654284506378,1555.9050943081788,1357.6387279247676,1369.4956351243245,1362.5689149909954,874.172997110467,391.4622410634389,853.0064236336153,1370.1576334038473,1186.5507677791315,583.5111877482947,774.6053906453769,1608.547613175079,1238.5253588095948,283.56576569710006,472.7498345757362,1404.889069029227,953.157205901196,655.5840416787278,1321.9245897914684,326.0932196279672,1134.1931013868566,1238.5253588095948,1238.5253588095948,371.9339677251736,477.1313533450793,334.7057359813449,2018.6403639773323,418.38477988150095,1569.0136390657894,1410.555766706458,1425.846641871838,1760.4398418036994,1475.953571915912,1368.697721328308,1732.9325708884694,1147.4039071421737,2216.4219148930465,482.2947545691155,518.1859763561952,237.27547451021488,212.9887500719276,1134.1931013868566,371.93396772517355,583.5111877482947,283.56576569710006,472.7498345757362,477.1313533450793,774.6053906453769,334.7057359813449,1186.5507677791315,1370.1576334038473,1608.547613175079,2018.6403639773325,326.0932196279672,391.4622410634389,853.0064236336153,418.38477988150095,874.172997110467,655.5840416787278,953.157205901196,1569.0136390657894,1410.555766706458,1404.8890690292267,1147.4039071421735,2216.4219148930465,482.2947545691155,518.1859763561952,1174.2702974573983,1393.8424053892352
2020,393.2873864280962,319.5083289713985,306.8559134787821,291.3611436147768,670.5565038875197,483.27513485731953,489.3734055661088,450.653606645033,961.2884670838516,753.0001143442864,764.9302041084586,722.9897740108916,1543.9406405472957,1328.168356256695,1335.1923986348593,1311.0553795762812,781.446344829637,504.75502681748856,1127.8386376267313,707.8198676027175,506.7304168444853,490.3193488590885,390.0816098148856,2300.8948644857583,525.4041804972045,284.3260657749926,295.163822149445,1390.9813568552224,780.8220649813338,552.2730589538153,1302.7186093899008,367.167583715832,475.1027357514967,525.4041804972045,525.4041804972045,357.596799299725,321.8622413645214,152.4170091660135,2743.8049241450262,401.61463820600966,1694.7572251009449,1292.7041132087388,1278.3303398717262,1861.3196146980708,1864.615621107476,1230.666844104058,1781.7123971538458,436.9285456136837,2434.2439106789966,378.2442405151141,397.7653758493675,178.84366911539146,98.44645253148316,475.1027357514967,357.596799299725,490.31934885908845,284.3260657749926,295.163822149445,321.8622413645214,390.08160981488555,152.4170091660135,506.7304168444853,707.8198676027175,2300.8948644857583,2743.8049241450262,367.16758371583194,504.75502681748856,1127.8386376267313,401.61463820600966,781.446344829637,552.2730589538153,780.8220649813338,1694.7572251009447,1292.7041132087388,1390.9813568552224,436.9285456136837,2434.2439106789966,378.24424051511414,397.7653758493675,1022.1060092924164,1256.0918899773942
2021,453.2780604454258,382.6944036890294,401.88805587951254,378.28684480958646,685.2490639612507,531.8601251522709,554.8265291630016,553.4749847019153,929.1685337646641,756.3640562897504,789.4315648791834,804.8455384883264,1417.8719657523616,1222.630106035229,1262.3417842860076,1335.6809909700214,675.8645771417883,483.5552161153695,1123.1909416852814,505.066412424152,363.8791691652492,355.0857856568868,423.68633101445073,2204.8367206302314,436.3124035839528,208.996336964314,294.3492530475325,1460.1186235788578,959.0483285626188,511.9448997548828,1417.8662392120104,367.68917472358737,399.42564907796526,436.3124035839528,436.3124035839528,285.18119483469644,272.97167391836746,84.39843646724873,2683.7420811246543,311.35495550574143,1806.1138049889364,1499.491571817699,1468.7670817636913,1938.9549982060623,1903.1768505891573,1406.7475354380483,1899.034977131067,370.63977699039685,2606.1166965789503,397.7599257231802,378.9370170767217,101.09104537205891,64.37267456085763,399.42564907796526,285.18119483469644,355.0857856568868,208.99633696431394,294.3492530475325,272.97167391836746,423.68633101445073,84.39843646724873,363.87916916524915,505.06641242415196,2204.8367206302314,2683.7420811246543,367.68917472358737,483.5552161153695,1123.1909416852814,311.35495550574143,675.8645771417883,511.9448997548828,959.0483285626188,1806.1138049889364,1499.491571817699,1460.1186235788578,370.63977699039685,2606.1166965789503,397.75992572318023,378.93701707672165,1201.7422620173654,1485.6940949296963
2022,282.0676751336483,228.40443793461097,205.7095893033277,213.7699797552125,480.767938593664,301.88948315101914,316.7541251213671,336.39518627716757,692.5521096397356,499.45241999216927,504.3345761889154,513.9324356799574,1117.382542715027,915.0682429127088,938.8890096511709,874.8738492869285,838.2923981993579,604.1077268844385,1307.1451439334442,728.4943552858936,475.614534243095,504.4881468422802,528.9034493751507,2481.220957215154,570.7131820973456,233.54228866840177,340.1544968468222,1882.0621668427352,1170.169721026571,715.470717132366,1814.556810771916,384.8011922498371,514.3205925357606,570.7131820973456,570.7131820973456,364.3571020193658,346.19606587615306,99.38914222927636,3108.735507419245,358.3113528247859,2232.081436057483,1778.6633153525172,1831.7504950469,2476.2477924022382,2415.620819600642,1760.651868823098,2408.974029571643,521.9661565649676,3220.7924217650807,417.61628804863375,440.425206849916,143.42671678877673,51.27009066152196,514.3205925357606,364.3571020193658,504.48814684228023,233.54228866840177,340.1544968468222,346.19606587615306,528.9034493751507,99.38914222927637,475.614534243095,728.4943552858936,2481.220957215154,3108.735507419245,384.8011922498371,604.1077268844385,1307.1451439334442,358.3113528247859,838.2923981993579,715.470717132366,1170.1697210265713,2232.081436057483,1778.6633153525172,1882.0621668427352,521.9661565649676,3220.7924217650807,417.61628804863375,440.425206849916,1480.0508110095768,1743.8501532726664
