,D0a,D0b,D0c,D0d,D0.5a,D0.5d,D0.5c,D0.5b,D1a,D1b,D1c,D1d,D2a,D2b,D2c,D2d,Encampment,King_Canyon,Halfmoon,Vallecito,Pitman,Merced,Cole,Cedar,Rex,Sauk,Mission,Arlee,Andrews,Cache,Payette,Umatilla,Shitike,Blazed_Alder,Little_Sandy,McKenzie,Smith,Lookout,Little_North_Santiam,East_Fork_Lewis,Beaver,American_River_Near_Nile,South_Santiam,D1c_new,D0a_new,Steptoe,Merced_HI,Merced_HI_14,Merced_HI_194,North_Brush,Black_Gore,Lookout_old,Little_North_Santiam_old,Bear,Skokomish,Fraser,Williams,Randolph,Salina,Merced_CA,NorthBrush_WY,Encampment_WY,Rock_WY,Halfmoon_CO,BlackGore_CO,Vallecito_CO,Beaver_UT,Pitman_CA,Cole_CA,Cedar_WA,Sauk_WA,SFJocko_MT,Andrews_WA,American_WA,Cache_WY,Payette_ID,Umatilla_OR,Shitike_OR,BlazedAlder_OR,McKenzie_OR_OLD,Smith_OR,Bear_CA,Skokomish_WA,Fraser_CO,SFWilliams_CO,Lookout_CO,McKenzie_OR
2001,0.06860976030917393,0.062301228836867624,0.04696255678669334,0.10693277256584569,0.05670101123696318,0.14256327270355137,0.07894426216442073,0.06709733859425626,0.05069923210241528,0.061260314742512104,0.07812406081272476,0.15140096803497075,0.2773932866894621,0.11608613258165124,0.14413020721461603,0.22391961106527355,0.0659791361346881,0.055200016123759,0.0487418224422964,0.1503766407966651,0.0389731996235427,0.0783167760539698,0.2439815633238986,0.3138981849055997,0.3232259712564598,0.444545462652025,0.1311610056111927,0.0680692543722905,0.0776031949940783,0.238361254398174,0.0644526927852447,0.3953838078907121,0.4646681699586892,0.5023607236337381,0.8214352178965814,0.5138715683045504,0.4665760054067901,0.6006552854759312,1.1002422062319623,0.8338101069151997,0.1603776884601854,0.3287679942270033,0.6051198734328171,0.0800620278593836,0.1481293125093296,0.1989207074101979,0.1422547578623861,0.0783167760539698,0.0783167760539698,0.1298896905967592,0.0432521681174204,0.6537527125078894,1.1466102613138924,0.0557839861127672,0.5548141205677405,0.0840948617143849,0.0964628616388766,0.0392326895967949,0.0678655636043456,0.1422547578623861,0.12444078151023631,0.0646988972974704,0.053515713719975475,0.04851781734226837,0.04325216811742048,0.15037664079666513,0.16037768846018544,0.038973199623542766,0.24398156332389864,0.31389818490559973,0.44454546265202505,0.06806925437229054,0.07760319499407839,0.32876799422700337,0.23836125439817404,0.06445269278524476,0.39538380789071215,0.46466816995868926,0.5023607236337381,0.5138715683045504,0.4665760054067901,0.055783986112767275,0.5548141205677405,0.13417984214915724,0.09522092649380667,0.5779840079484256,0.7455312023635708
2002,0.6111634276661544,0.30020881907081054,0.07115837885532714,0.15296641095735836,0.4888397978265392,0.194537179083632,0.1263550762932924,0.2843553442883904,0.4177728136131767,0.2629147886933727,0.13337843952667888,0.19255094334041664,0.3568670531166207,0.2311457747608667,0.13015805622198975,0.14954740771242656,0.0892595108819195,0.0910022480315302,0.1208399044780389,0.1878565154975016,0.0546638690215603,0.1691335169313087,0.264195600292793,0.4501996505927653,0.3328490806884989,0.5078916911358471,0.0869027699231921,0.1188417590373321,0.1399110941508621,0.151214649544751,0.4143209349210462,0.246007337012386,0.2976661429614746,0.1598864780486726,1.2460987180325311,0.3787086664202038,0.2390730321730442,0.7781678534475079,0.622727596061101,1.0873131303571373,0.5598046636099586,0.6070368119033543,0.6061631768688526,0.1333784395266788,0.6193102396399454,0.3984126967283978,0.1387481730995154,0.1691335169313087,0.1691335169313087,0.0920094430290437,0.1456760314975955,0.836225738314002,1.2964745413705907,0.1013582472036695,0.6021682834699181,0.0726190640153182,0.2473658859103005,0.0500138449254872,0.4108270824171474,0.13874817309951545,0.09200944302904379,0.08925951088191955,0.09100224803153027,0.12083990447803894,0.14567603149759553,0.18785651549750168,0.5598046636099586,0.05466386902156035,0.264195600292793,0.45019965059276534,0.5016553578562104,0.11884175903733211,0.13991109415086211,0.6070368119033543,0.15121464954475103,0.4143209349210462,0.24600733701238603,0.29766614296147464,0.15988647804867268,0.3787086664202038,0.2390730321730442,0.10135824720366955,0.6021682834699181,0.0720828832541737,0.2473658859103005,0.7457544754032994,0.5984785569682182
2003,0.04835729648511622,0.12626134331398023,0.06607825343219205,0.10447299232562134,0.044870962277225014,0.17689739506393282,0.08546457527146872,0.09849420069280142,0.0601894225146691,0.0877846975870506,0.07528664359263337,0.19055030917085358,0.08166712280988518,0.0699714390949866,0.057727606843443566,0.15537019150501982,0.1298236476230462,0.1095252080809908,0.1626608011345734,0.0867563706004751,0.1274103898544495,0.1914853280849967,0.5606443108423912,0.6111793777462353,0.5966538324781282,0.6770575971361256,0.0899798477927213,0.1953093564988012,0.2798145029627717,0.1481213517402165,0.3511327097303908,0.3850462017454384,0.556775829432319,0.3916258536144691,0.8674373425909445,0.8241345975732559,0.6330869196269696,0.465809483884267,1.4785130008511476,1.936872941370949,0.1863767513612533,0.4724706645890965,0.3920929024852818,0.0759752410441476,0.0490288370833579,0.3093234083156114,0.3770470538982302,0.1914853280849967,0.1914853280849967,0.2401728256442402,0.0407819832354976,0.5378020419286992,1.7593617554514351,0.2673322261268119,0.9440908074399306,0.0338706861417888,0.116297940536858,0.0882237487675967,0.0689911432598656,0.37704705389823023,0.23820628932229138,0.12982364762304627,0.10867622662490072,0.04417131556356948,0.0407819832354976,0.08675637060047511,0.18637675136125334,0.12741038985444958,0.5606443108423912,0.6111793777462353,0.6724461494121666,0.19530935649880124,0.2798145029627717,0.47247066458909653,0.14812135174021657,0.35113270973039085,0.3850462017454384,0.556775829432319,0.3916258536144691,0.8241345975732559,0.6330869196269696,0.2673322261268119,0.9440908074399306,0.033515168425424284,0.11629794053685807,0.4349256156465446,0.5157542650147025
2004,0.07294069128422878,0.05350906984986127,0.0936221685914862,0.16182356473550283,0.06019109998915739,0.20473471874794152,0.10370141717044166,0.05223959846079122,0.052574239805107136,0.048337986654688955,0.0949702475151641,0.21409168579180576,0.04187003094732076,0.04092877688020589,0.07677233404512387,0.18027993661311645,0.0829179690773456,0.0857830428123416,0.0760120310750755,0.0707123857585744,0.0102612566144772,0.0753426875728185,0.0245639687802534,0.4388973539782996,0.3390776369835455,0.4752615611137464,0.1386304781056325,0.0729807030933524,0.1555703574550635,0.1852452794243275,0.0560363677764479,0.4243150480185593,0.3887437705801814,0.6369102880129338,0.6388117546122104,0.5449766696336424,0.7690327819110845,0.6421834208035363,0.4787213631845028,0.5419098525180908,0.2072415597531687,0.3380394006521097,0.7809807500986617,0.0958643807279805,0.0736150997969433,0.3776753168465759,0.0814261623981434,0.0753426875728185,0.0753426875728185,0.0979949769574043,0.0700324409849903,0.7088892946888158,0.6582196277070681,0.1109320383563498,0.7416340522186119,0.0654364226191357,0.1137240836077575,0.0473014244280534,0.1287529714307337,0.08085629343957974,0.09847321090061627,0.08198876568710758,0.08505121666179938,0.07537494463720433,0.07028346995208322,0.07032537849243857,0.2065571108104202,0.010261256614477219,0.02456396878025348,0.43889735397829965,0.47526156111374646,0.07298070309335247,0.15557035745506356,0.3380394006521097,0.18524527942432756,0.056036367776447944,0.4243150480185593,0.3887437705801814,0.6369102880129338,0.5449766696336424,0.7690327819110845,0.11093203835634988,0.7416340522186119,0.06473681501156466,0.11355558468947465,0.6357575663212951,0.7436138127600179
2005,1.0808061238168205e-06,0.0018061198928441095,0.019764240276077,0.45655538251487293,1.4783213401319178e-06,0.3752013643904013,0.04943974634392383,0.004516857563123313,1.381438042798327e-06,0.00345742698580314,0.050461350751903375,0.39221694628342346,1.583743861126883e-06,0.0026666608671972185,0.03871014939087489,0.31522421153388486,0.1460361474665504,0.0874097229514746,0.0447797552153429,0.2341829060702396,0.1980702327085706,0.1427684009065196,0.1753016841805519,0.5419866111537517,0.3171732143824715,0.7055214682329212,0.1458392824134084,0.1596659648773862,0.1803745241458956,0.0852121974514675,0.2451851499205345,0.6928270748750998,0.6045849956112943,0.3174057010260074,0.7395133666717179,0.7898291919149256,0.3453776023993758,0.9792410838516332,0.5364732551742709,0.6371575986484762,0.1757429765101374,0.5182390735555342,0.6287204191551529,0.0504613507519033,1.0808061238168203e-06,0.0749143911922846,0.1558907565696574,0.1427684009065196,0.1427684009065196,0.0567865201533239,0.0579106144379772,0.991264684748883,0.7777680498176287,0.1373254867441813,3.024588363011556,0.0646478058186343,0.134514257914685,0.5164879211548383,0.0845995068265612,0.1558907565696574,0.05678652015332396,0.1460361474665504,0.08740972295147466,0.044779755215342956,0.05791061443797721,0.23218711284969723,0.17574297651013743,0.19807023270857063,0.17530168418055195,0.5419866111537517,0.7055214682329212,0.1596659648773862,0.18037452414589566,0.5182390735555342,0.08521219745146752,0.2434832405958785,0.6928270748750998,0.6045849956112943,0.31740570102600746,0.7898291919149256,0.34537760239937587,0.13732548674418138,3.024588363011556,0.06464780581863434,0.13451425791468502,1.0357354408754529,0.8417774900701723
2006,0.33469884586725457,0.11445297662626984,0.060916512635492207,0.16411533724742122,0.30176471510693864,0.19925791387244768,0.11538959502260139,0.12721622970054586,0.26413076564473364,0.12632526899960242,0.12897471850300965,0.2190717546279066,0.20547203080640733,0.12631186625452617,0.12686779793693995,0.18463242820842826,0.1214746936628995,0.0645586048368698,0.0492371067781227,0.2788670359854156,0.1365008268869491,0.1862330593823096,0.3653850038610243,0.3590329245160351,0.2080305382414346,0.4511712821821535,0.1381627890344869,0.304169963118641,0.2193042451899564,0.0908091190241856,0.2796102655710691,0.4367856317017473,0.5061310436555984,2.3804765374982795,5.804472075159282,0.7919109406080311,1.708316291366372,5.744057769435727,5.41164890067039,1.498019686712332,0.2382508712674391,0.3700783099008203,4.097364306534008,0.1297499591073351,0.3382976829601655,0.3394827466984753,0.4767118065800775,0.1862330593823096,0.1862330593823096,0.062498020041794,0.0908271451096756,5.377786555615617,4.99441471936828,0.0906083960460768,0.6879394485065823,0.1194078721654028,0.0662714506003696,0.4459002232031276,0.1426974282053592,0.4767118065800775,0.06029551640367394,0.15121346499628519,0.06335373379935158,0.04888233622949177,0.0898782321079128,0.7049818054137664,0.23825087126743913,0.13650082688694912,0.36538500386102435,0.3590329245160351,0.4511712821821535,0.304169963118641,0.211785736609548,0.37007830990082036,0.08053890150510494,0.2796102655710691,0.4367856317017473,0.5061310436555984,2.3804765374982795,0.7919109406080311,1.7083162913663719,0.09060839604607689,0.6879394485065823,0.10691399078070332,0.06477698793454865,5.251123538102559,1.169713334538678
2007,0.05854356851055214,0.03887363308303819,0.047719820402145056,0.2891979749987748,0.020402386675624308,0.3564411938210806,0.10905377673234208,0.04260888328049899,0.023982723068455822,0.038691994529474735,0.11579012642207999,0.4157938796925411,0.02559301139515116,0.03328761785534604,0.09390818929650693,0.3629263722676518,0.1260315855667266,0.0900021651197111,0.4434791850705491,0.0753006345110894,0.081822329952678,0.1545180511817351,3.9018654951941154,0.8279193119450717,0.2401676891402786,0.6418915528410165,0.1212496710419844,0.0802668624813651,0.1872780819732809,0.2140027978970494,0.1163374966997008,0.3985034739211524,0.6001532382619432,0.1760046403045964,0.9140398892869952,0.6217603243077029,0.2012695480872366,0.4974503373432268,0.7233063303523412,0.7220291531705473,0.2018276113839936,0.4301808146915303,0.4458151509750858,0.1019260281453737,0.076586222298951,0.4059507174801388,0.3321791448251509,0.1545180511817351,0.1545180511817351,0.1153564137632047,0.1600645445129072,0.5141218728974327,0.8081227315039442,0.1463780338414444,1.10679197021083,0.1598929448551698,0.16437478054694,0.0820973641158063,0.1334024071734532,0.33004799669660817,0.11535641376320475,0.12603158556672667,0.0900021651197111,0.4434791850705491,0.16006454451290725,0.07530063451108944,0.20120049243733218,0.081822329952678,3.9018654951941154,0.8279193119450717,0.6418915528410165,0.08026686248136515,0.1872780819732809,0.4301808146915303,0.21400279789704948,0.11633749669970088,0.39850347392115243,0.6001532382619432,0.17600464030459648,0.6217603243077029,0.20126954808723665,0.14572721030104713,1.10679197021083,0.1598929448551698,0.16437478054694,0.5538080557807381,0.8142346079130555
2008,0.12261557168562444,0.1349365933923055,0.08607815319239182,0.0977149196474556,0.1280531020919961,0.12970195737948187,0.1216859501427076,0.18305223601369242,0.12883842355271177,0.19728059978671883,0.13541054436942512,0.1351421369461778,0.1316761901612848,0.2018994023176083,0.15652317236526955,0.1259127113028932,0.1028556461589974,0.0383462051782653,0.0277103861948879,0.1317917401810439,0.0984001820014298,0.1345501334154908,1.1452576666150551,0.2420476687707923,0.1916491422064746,0.3143563152326308,0.1849723851679991,0.0204095874666527,0.0557291628488322,0.0575221549500309,0.0619879540070729,0.4182465845714544,0.4243096545295963,0.794385560075626,1.2108038916972903,0.2907482954623005,0.6915276096121811,0.9114424065899212,0.4826325535423231,2.35461375785319,0.2246104351620985,0.174883354357734,0.5934435419513046,0.1320203093113995,0.1331604674457727,0.401291619312771,0.2974545532416011,0.1345501334154908,0.1345501334154908,0.062239451319141,0.1408674812436615,0.8869005072236401,0.7028924461155179,0.2528532493816648,0.4706390549906982,0.0265887391580462,0.0497765501397805,0.023571233088014,0.1096525819240014,0.29745455324160114,0.06223945131914109,0.10285564615899748,0.03834620517826536,0.02771038619488798,0.14086748124366158,0.13179174018104398,0.22461043516209858,0.09840018200142985,1.1452576666150551,0.2420476687707923,0.31217459552961635,0.020409587466652737,0.05572916284883225,0.17488335435773406,0.057522154950030956,0.061987954007072986,0.4182465845714544,0.42430965452959635,0.794385560075626,0.2907482954623005,0.6915276096121811,0.2528532493816648,0.47063905499069825,0.026588739158046288,0.04977655013978058,0.9530803851224486,0.45755343838281576
2009,0.6820221591697816,0.3930691998550948,0.08177447332911764,0.10386859111821888,0.5371975144265351,0.12711116979938705,0.1104849256308616,0.3508303733448657,0.47379952959964305,0.2999579767880418,0.10994054379980223,0.1349096806232437,0.3792518002466795,0.22531447573182423,0.09090518265498955,0.11390208946580269,0.2567003506860979,0.1119405449070806,0.0337221669594492,0.0815263315199726,0.1421905613231194,0.2084782268613008,0.8015553419944144,0.3864527759348417,0.2042544918563359,0.5371349553934783,0.1583505802122126,0.0762386523590441,0.0950199906519989,0.0745437240143115,0.1270489625083578,0.3775022388910199,3.0420334761416568,0.2699130461676863,1.5196117198481185,0.3832763307881415,0.4669878010614441,3.2144288123973306,3.605284473389224,4.49696788258301,0.2341534675046268,0.2008517647480076,1.0747035302015788,0.1099405437998022,0.6820221591697816,0.3357544167211221,0.3831638730719269,0.2084782268613008,0.2084782268613008,0.0941087378614949,0.0498445407317421,3.105867524141392,2.4606219880506126,0.1277280090787258,0.7667638379121798,0.0329312227010171,0.0532538794114734,0.0311874266527297,0.1176982282363177,0.38316387307192695,0.09410873786149497,0.2567003506860979,0.11059474959098174,0.033392843752494086,0.04984454073174217,0.08152633151997261,0.23415346750462682,0.14219056132311944,0.8015553419944144,0.38645277593484173,0.5371349553934783,0.07623865235904417,0.0950199906519989,0.20085176474800767,0.0745437240143115,0.12704896250835782,0.3775022388910199,3.0420334761416568,0.26991304616768635,0.3832763307881415,0.46698780106144416,0.12772800907872583,0.7667638379121798,0.030605571017984366,0.05209349407711051,3.097623793635296,0.7103765785276256
2010,0.010828717314035771,0.13318146423901503,0.08630888733753668,0.18497769271762923,0.004097748589424107,0.18077523936003392,0.11795271538838026,0.12836507953970444,0.003994547616428885,0.10900139377292821,0.12607088110404238,0.20034570859780923,0.0039910368571642405,0.0812574242263322,0.10734362297739064,0.1504679281421596,0.2504968942154463,0.0452125194154698,0.0497999729081495,0.1415791847590626,0.3539715249310697,0.1678264817052364,0.2738297750455438,0.6372736319409682,0.7930037786158852,0.5604519133979379,0.0811420898488865,0.1128975937999292,0.0722543057034726,0.1709470446822688,0.0726061073106313,0.6051339998038604,0.7874937058281668,0.571300746772668,0.533635790722563,0.5960140110673613,0.5038535442563586,0.4658105962706745,0.467281645916368,0.6030097553207768,0.1503761380563648,0.3308566548108104,0.6295459399368238,0.1375371330673775,0.1075970125747302,0.2984997903952503,0.432721037693385,0.1678264817052364,0.1678264817052364,0.1103957916491157,0.0538032589983394,0.523527617272673,0.5023634423154828,0.2323166731935243,1.0140342735981134,0.0628227194066635,0.1184421491587816,0.0480273026302716,0.1173848421302256,0.43272103769338505,0.11039579164911577,0.2504968942154463,0.045212519415469825,0.049799972908149595,0.05380325899833946,0.14157918475906262,0.1503761380563648,0.3539715249310697,0.2738297750455438,0.6372736319409682,0.556997807541261,0.11289759379992924,0.07225430570347265,0.3308566548108104,0.17094704468226887,0.07260610731063137,0.6051339998038604,0.7874937058281668,0.571300746772668,0.5960140110673613,0.5038535442563586,0.23231667319352434,1.0140342735981134,0.06282271940666359,0.11721837753689919,0.4354858063732799,0.5407863226046825
2011,0.1505019343419603,0.13312623308150567,0.07290666229584529,0.3842803284626616,0.11057415789314534,0.44195012318664584,0.10314031041264768,0.1277539265532269,0.08764983324347715,0.11145580125187045,0.09357565165610307,0.41421982417251646,0.0625331357184764,0.0952833215310017,0.0718004083297642,0.26770766387776185,0.2181395221263173,0.1647621530006494,0.037274401106517,0.1062171068332375,0.273307037728323,0.2614593667990615,0.0476414259074406,1.6634281049370971,1.086794456767545,0.5306779181095156,0.2001190186128984,0.0300791179423677,0.1526155249245378,0.1724537849351633,0.1290491511168592,0.5616088765859386,0.4278067960875118,0.2057258272358035,0.731993153630704,6.665036495109292,0.2493788630613893,0.6037676316752919,0.5333964287988477,0.652563604003016,0.2100575619821424,0.2576660004614783,0.5349883167599638,0.0963955621479317,0.178068506786842,0.1105072747905456,0.1960187532265797,0.2614593667990615,0.2614593667990615,0.0678973368963935,0.0199494852821419,0.625638428385453,0.6273114268649862,0.2555977429339684,0.5590368996644379,0.0857961837011984,0.1210137405028319,0.0921258737004592,0.0629312046899466,0.19601875322657977,0.06789733689639359,0.21813952212631738,0.1647621530006494,0.03727440110651704,0.019949485282141972,0.10621710683323757,0.2100575619821424,0.273307037728323,0.04764142590744063,1.6634281049370971,0.5241310307811042,0.030079117942367735,0.1526155249245378,0.25766600046147836,0.17245378493516333,0.12904915111685922,0.5616088765859386,0.4278067960875118,0.20572582723580357,6.665036495109292,0.24937886306138932,0.2555977429339684,0.5590368996644379,0.08579618370119844,0.12101374050283197,0.6589239440124252,0.5964189631821699
2012,0.11968610567013208,0.27856009874921317,0.24319853338749617,0.13132148544476546,0.11177374585550308,0.18379117606585854,0.24668008359466906,0.2492916767872571,0.0989086032245,0.21609139585042692,0.2248444252941426,0.19376262749134246,0.0802612144185438,0.1667340345904695,0.18862567726148793,0.14813956742621998,0.1005447540920409,0.084365802374962,0.1560282225276227,0.0871877750531342,0.1656266705722104,0.1658594470889544,0.113796117474716,0.6697901357289967,0.6010462476344711,0.4947146446429422,0.1960691440144566,0.1195344901217034,0.150147359576616,0.168401460386125,0.3684203760456216,0.5137211926923797,0.4569758814534042,0.7029116436453844,0.4523958935419465,0.5222079474801172,1.010626331028976,0.406114937716955,1.5968699767607872,1.278935876789976,0.3699271419603421,0.42412844815675,0.9322059198441665,0.2174788334866647,0.4598112374842316,0.750229021605882,0.2252064842217209,0.1658594470889544,0.1658594470889544,0.0893812311266189,0.1127655414279908,0.4594232415544214,0.4682373727859097,0.146977620518015,0.6636754093202594,0.0679684508898197,0.2370447716213866,0.0869454008809145,0.2766504760504006,0.2252064842217209,0.08938123112661894,0.10054475409204094,0.08436580237496209,0.15602822252762275,0.11276554142799085,0.08718777505313428,0.3699271419603421,0.1656266705722104,0.11379611747471602,0.6697901357289967,0.49163406958962236,0.11953449012170342,0.15014735957661604,0.42412844815675005,0.168401460386125,0.36842037604562167,0.5137211926923797,0.45697588145340423,0.7029116436453844,0.5222079474801172,1.010626331028976,0.146977620518015,0.6636754093202594,0.06749494064319685,0.23704477162138662,0.3798875518752272,0.6357176219024916
2013,0.013298358128191325,0.007575054381130521,0.022042402904338745,0.18224824524049715,0.01673328028334722,0.209868492853423,0.04029485763620244,0.008177765100617244,0.017684823667275685,0.007990597954153106,0.03586826862899592,0.2112424638498057,0.018410724570130987,0.008392222838328068,0.02811927731839504,0.16660623410995823,0.0524642784305497,0.0616056439946541,0.0393204184092494,0.1483073175857052,0.0171513878156495,0.1314905155471857,0.5981534453796571,0.4755460476420343,0.5274247221285486,0.5409646652101306,0.1265346576270247,0.0465827466585807,0.050570560423147,0.1528347465351744,0.0895987062716674,0.4777875212206853,0.737513969377534,0.8010502341291685,0.7761809912732034,0.5256987554744378,0.6492475217609237,1.4404445319680166,0.8248662186958576,0.4459974069273251,0.2366273942011213,0.3714471126047642,0.9912044235431248,0.036066431739473,0.013430393364905,0.4079471088035828,0.2058682672221964,0.1314905155471857,0.1314905155471857,0.1380246712445885,0.1261271969430245,1.1703278619579969,0.5758626478456405,0.0909292182462742,0.8284662205363235,0.0373217274923533,0.0639697717565005,0.0588689011303034,0.1755624551670485,0.20446547009507704,0.13802467124458856,0.05246427843054978,0.061605643994654104,0.03907761456271432,0.12612719694302452,0.1473259179633649,0.2366273942011213,0.01715138781564957,0.5981534453796571,0.47554604764203434,0.5409646652101306,0.04658274665858076,0.05057056042314704,0.3714471126047642,0.13834365287010547,0.08959870627166744,0.4777875212206853,0.737513969377534,0.8010502341291685,0.5256987554744378,0.6492475217609237,0.09055370944124906,0.8284662205363235,0.03695697049805883,0.0639697717565005,1.2008663019027683,0.7231696003458931
2014,1.3794104032930046,0.8096580961465678,0.1366172902193416,0.2708887437818374,1.044219906404738,0.35616989724798725,0.19755091310070053,0.6898196265099209,0.8351175602124202,0.5308138909091757,0.1774238247609225,0.4027164910482708,0.5937544988401212,0.3514532291965598,0.12529304210819123,0.34040234477705245,0.0555214878511248,0.1765134454942458,0.0414233544268291,0.4242738920876773,0.0764517268851238,0.2143328040379816,0.7997972388568803,1.228497774867357,1.080244164674081,0.6491041060395643,0.1341605528346376,0.1833301838487221,0.2535185014674721,0.0597388190539256,0.1895805053656687,0.8143697062651947,0.5394523176462783,0.3305992267905678,0.3881086247827532,0.4240124639829288,0.5387429134672291,0.5360119666410383,0.3628398375839983,0.3218347717851574,0.3991992374765352,0.4162411364106505,0.3134256315949444,0.1766963835632758,1.3794104032930046,0.4205280827813859,0.615696077233841,0.2143328040379816,0.2143328040379816,0.0446129355551439,0.0338272204482147,0.5482458424463208,0.3938943379926786,0.3404231349464143,1.037782624904022,0.0588187030274598,0.0660459041595102,0.1216155688437184,0.1203645095829973,0.615696077233841,0.04461293555514398,0.055521487851124804,0.17651344549424589,0.04142335442682917,0.033827220448214734,0.4242738920876773,0.3991992374765352,0.07645172688512385,0.7997972388568803,1.228497774867357,0.6491041060395643,0.18333018384872218,0.2535185014674721,0.4162411364106505,0.05973881905392568,0.18958050536566873,0.8143697062651947,0.5394523176462783,0.33059922679056786,0.4240124639829288,0.5387429134672291,0.3390148334935337,1.037782624904022,0.05881870302745984,0.06604590415951024,0.5079622621159388,0.38154257217525006
2015,0.003809647429170427,0.024148685556020885,0.030168865719611058,0.163624894100267,0.0026353290377484472,0.23973132266609054,0.07022155071063076,0.040159706355393114,0.0033458413789129297,0.054150243492434844,0.07594522003567886,0.2297049474523321,0.0035695182788062904,0.06553689555608035,0.08615358610337615,0.1723309435790861,0.0996063957360772,0.081079407862365,0.0816682823464584,0.1851362659481652,0.6885451804767402,0.3425022111020641,0.3389677289527197,1.0930443360291202,0.7297654203648505,2.401932464849661,0.1616851091246077,0.1393792294549596,0.2455099419478912,0.1830289508104379,0.6147865722207287,0.8255407167393767,1.0764689982586737,1.3921039269432811,3.420687962608055,1.1643677792678342,1.748493251636085,2.386303754842721,2.303044180955388,1.4617012656248236,0.3634882921906209,0.7986218044157065,1.872892381259128,0.0764466091923297,0.0038523185471051,1.1140481852349098,0.3567896266063314,0.3425022111020641,0.3425022111020641,0.0754312643448139,0.0863542699779192,2.515232683474719,2.430902427097888,0.4399644314713894,1.0454482911263503,0.1900700550964142,0.1142101755817777,0.06154042458686,0.1786829213391547,0.35678962660633146,0.07543126434481395,0.0996063957360772,0.08107940786236506,0.08166828234645841,0.08635426997791923,0.18513626594816526,0.36348829219062095,0.6885451804767402,0.3389677289527197,1.0930443360291202,2.401932464849661,0.13937922945495965,0.24550994194789122,0.7986218044157065,0.18302895081043796,0.6147865722207287,0.8255407167393767,1.0764689982586737,1.3921039269432811,1.1643677792678342,1.748493251636085,0.4399644314713894,1.0454482911263503,0.19007005509641423,0.11421017558177772,3.2279491148450994,1.0602773200389763
2016,0.0028943549552737833,0.03673998464891028,0.05309184910962019,0.21934616566510082,0.0018407584079739186,0.23089144566966402,0.08307251183593688,0.025932309805282015,0.005059816675080422,0.017382725532183216,0.06891919333352302,0.21241467304955608,0.008577511413878434,0.011486982315491204,0.04499832001036561,0.14633010348875453,0.095723781203476,0.1230485046067982,0.0334944975694383,0.0631927258795947,0.7109402437447103,0.4296966546823655,0.1158547471212371,0.5417418360024394,0.3434226990305392,0.6327910500996805,0.1076115533259503,0.1387348184135977,0.1050212928664127,0.1211310979459836,0.1814428618699838,0.4272200875043191,0.7131081222935491,0.6621889523173582,0.6502618256332952,0.5828881884797539,0.9556676681814038,1.132988591983519,0.8107537302202535,0.4623479081216481,0.2118709467035253,0.3950046912845692,1.692397806522552,0.068919193333523,0.0028943549552737,0.1980261793737746,0.2797157976961175,0.4296966546823655,0.4296966546823655,0.0676155901883251,0.0605587107035672,1.050899076007547,0.5721832130523814,0.3025630588080918,1.1043475107359442,0.1479657914849646,0.075039266863148,0.0271003131848477,0.1026959182807385,0.27971579769611754,0.06761559018832518,0.09572378120347606,0.12304850460679823,0.03334646727684772,0.06055871070356726,0.06319272587959472,0.20172250896073568,0.7109402437447103,0.11585474712123714,0.5417418360024394,0.6327910500996805,0.1387348184135977,0.10502129286641271,0.3950046912845692,0.12113109794598366,0.18144286186998382,0.42722008750431917,0.7131081222935491,0.6621889523173582,0.5828881884797539,0.9556676681814038,0.30256305880809187,1.1043475107359442,0.14796579148496464,0.07440088502211649,1.0810547987357295,0.6703931299174346
2017,0.9705026333955512,0.686349557816059,0.1299322856519831,0.24475498090502573,1.0179388875763797,0.29413098022116174,0.2321301198335638,0.6614888463079438,0.5892263373582853,0.32106555835693673,0.1872057194685955,0.3192429374758615,0.669773514899171,0.3729754949304238,0.18853411506534812,0.26066744355169236,0.1068046533205737,0.1311599011591589,0.1172026555480994,0.0971999671196468,0.938025594422318,0.6418043591476104,0.0252553267555101,0.8812574056085658,1.0105778293759573,0.779250353796436,0.1470747613686396,0.2334177184519531,0.332015572683161,0.2683901125194501,0.3064094900194625,0.2542848507989605,0.2365493479433144,0.2021061532556222,0.3088410849319177,0.3330507042345996,1.5367167877087595,0.2795986643185773,0.2391335564541828,0.3953089643141294,0.1996193544580821,0.5525143464271981,0.9053182867782588,0.3149018953337068,0.5746606525897009,0.261826816507368,0.2135514024298404,0.6418043591476104,0.6418043591476104,0.0669432006650939,0.0513586875517461,0.280064730551655,0.4006966410429226,0.2988023895882211,0.9114603757544032,0.0898514368228303,0.1027928077174884,0.2003172864310178,0.1272089844895358,0.21355140242984041,0.06655410286542937,0.10680465332057379,0.13115990115915896,0.116946861412363,0.05135868755174617,0.09719996711964683,0.1958117524725754,0.9380255944223179,0.02525532675551019,0.8812574056085658,0.779250353796436,0.23341771845195317,0.33201557268316106,0.5525143464271981,0.2658849434801781,0.3042777624579193,0.2542848507989605,0.23654934794331442,0.20210615325562226,0.3330507042345996,1.5367167877087597,0.29880238958822114,0.9114603757544031,0.08985143682283035,0.1027928077174884,0.3030286024845715,0.4598068419665775
2018,0.09054709663784885,0.13242589092725846,0.06411678731119815,0.08862702407846094,0.12433044193165194,0.12950398930543042,0.10239826187374007,0.1438169121474221,0.15297731556494357,0.14788465789668523,0.11522262132812565,0.14673397182694622,0.1954656892108382,0.1655041908745961,0.13507521386370475,0.13604393659177405,0.2108429357500225,0.1275896036111897,0.0531445319091489,0.0819412767298492,2.764153877780203,0.8883185875366112,0.09992044811027,0.3986102005025648,0.7331902085593602,0.9398532948215844,0.1906505110473407,0.0258840254781083,0.1328828126753691,0.062358635722804,0.3378469592719278,1.4434114891532577,0.7314030841919132,0.5151944489344737,1.3083371405961248,1.1397191235063753,1.4569321975232938,0.8591217362914312,1.5210696164487636,3.2330444060559187,0.3803575732301444,0.4258505459391661,1.254900851734574,0.1161943774519133,0.0905470966378488,0.8766455321006086,0.1267598642895542,0.8883185875366112,0.8883185875366112,0.1158315282446957,0.0519231067237172,0.7864372442816568,1.381375622617529,1.799624331260871,0.3823021350963055,0.0573980733048077,0.072383589406698,0.0459236919357886,0.3845544809013793,0.12675986428955427,0.11583152824469575,0.21084293575002253,0.12758960361118976,0.053144531909148925,0.05192310672371724,0.0819412767298492,0.3803575732301444,2.764153877780203,0.09992044811027001,0.3986102005025648,0.9398532948215843,0.025884025478108304,0.13288281267536914,0.42585054593916616,0.062358635722804014,0.33784695927192787,1.4434114891532575,0.7314030841919132,0.5151944489344737,1.1397191235063753,1.4569321975232938,1.799624331260871,0.38230213509630556,0.05739807330480773,0.07238358940669805,0.8217877733910316,0.7260687670116833
2019,0.002103290025992568,0.0633785327339251,0.06714846520616287,0.09783929081199642,0.002130313934698557,0.1268509665420038,0.0907460032774577,0.06649784195005641,0.005412103791102712,0.07536849941421643,0.1044531130756282,0.15035874396227478,0.007339727660205115,0.07290354935311974,0.09658188343352068,0.15557913103265222,0.0984241145858549,0.0711353516643671,0.0260152612130314,0.159739208637792,0.2007347849543512,0.2807404902663319,0.2267879877982653,0.2443679162761466,1.6288503648093562,0.2292242046043808,0.1677820592994998,0.1902408432067471,0.0733363184834543,0.0856510249306603,0.4536776667926537,0.1754813492368028,0.4661920971335632,0.5282107096432558,0.4634562580479054,0.7489757405381426,0.1361068947153633,1.9977037987207773,0.464966804609791,1.0514211980128272,0.175806046358487,0.1845938931151931,0.5923026583167722,0.1023263597304099,0.0021900217494651,0.0480521489905137,0.291006007774127,0.2807404902663319,0.2807404902663319,0.0533368174754907,0.0302549972798491,1.7676898249575987,0.4837232425289288,0.1958832155720654,0.5491781166607319,0.1169154180270659,0.1008952412804241,0.0218188856134509,0.0323013113275953,0.291006007774127,0.05333681747549072,0.09842411458585495,0.07113535166436719,0.026015261213031493,0.03025499727984919,0.15973920863779204,0.17580604635848704,0.20073478495435126,0.2267879877982653,0.2443679162761466,0.2292242046043808,0.19024084320674714,0.0733363184834543,0.18459389311519311,0.08565102493066032,0.4536776667926537,0.1754813492368028,0.46619209713356324,0.5282107096432558,0.7489757405381426,0.13610689471536336,0.1958832155720654,0.5491781166607319,0.1169154180270659,0.10089524128042411,1.6093398913141947,0.9791157593891393
2020,0.016488037126920683,0.07856902894977398,0.07941832424305724,0.2196398179526014,0.01291231018503244,0.23503733911432215,0.12555099583782006,0.07540535449066063,0.010631812478474088,0.06342366080681719,0.11459999388298535,0.23621446437012703,0.002631979521959235,0.05509027530087662,0.09073376832691875,0.18860921888140336,0.0643813292338644,0.0402282556615747,0.032984360916657,0.1109769449338387,0.0791319524276871,0.1229571200951484,1.5222352693021426,0.5303799665698666,2.196641762005966,0.2890842975996781,0.137040532127286,0.0448579278080335,0.0998172526306867,0.0851238126747868,0.1573896996571642,1.4944477700607428,0.5309584658510149,0.6488316659441495,3.3671316739509205,0.6166725281737806,0.4673507129618339,1.806033010730452,1.7945321178149352,1.856972952830085,0.2468915039992899,0.2454426347671833,0.7339306458578055,0.1152238709924752,0.0166332592831713,0.6107103393593043,0.1674250509202833,0.1229571200951484,0.1229571200951484,0.0419467046099275,0.0326729376561912,1.785260207924967,1.9379097914798928,0.0559053906929557,0.5429952008968815,0.2359895901999023,0.0350962512840709,0.0296738521122735,0.1798410764999889,0.1674250509202833,0.04148003433279162,0.06438132923386444,0.0385423522695188,0.03290204088408115,0.03251040725300879,0.1177279308426491,0.2468915039992899,0.0791319524276871,1.5222352693021426,0.5303799665698666,0.28908429759967813,0.04485792780803354,0.09981725263068676,0.24544263476718334,0.08463213577054819,0.1573896996571642,1.4944477700607428,0.5309584658510149,0.6488316659441495,0.6166725281737806,0.4673507129618339,0.05590539069295575,0.5429952008968815,0.06703600649547241,0.034606668884010525,1.5787036476567282,0.5390073715288085
2021,1.4419405158879979,0.8748421979367739,0.22040330749373838,0.3253847057633017,0.20339190686350508,0.2779004122311416,0.21503338071383885,0.40657158138066457,0.0008539554142168867,0.0652650205657805,0.09692119910856195,0.2386101242166214,0.00024872890793837724,0.0414667938119692,0.07260693369827075,0.19623895858207374,0.0558787318179006,0.0476394951726665,0.136760656194657,0.0338391798040525,0.022995268885861,0.1432567368906394,0.191017113973347,0.4195159270717813,0.3278210539113968,0.3237515001091107,0.0950937879285514,0.0563986570769013,0.0870571869890123,0.1171838789227432,0.1350168941491501,0.6682542889617464,0.8678640184982696,0.4372119494046906,0.8268619428022169,0.8726875486520828,0.603189987140628,1.1033410178501613,0.9812052516151952,1.1793510013911743,0.4904374671427844,0.3107655325306475,0.9095457125115728,0.0917201337970475,0.003672143485382,0.2171218534627586,0.3499664019976332,0.1432567368906394,0.1432567368906394,0.0539896342591162,0.0328647814602783,1.218807342988259,1.0511606230658814,0.107081203967202,0.552888513770671,0.0613126416393479,0.0384387885449329,0.061436837186028,0.2070860802422863,0.3499664019976332,0.05398963425911621,0.0558787318179006,0.04763949517266655,0.13676065619465702,0.03286478146027839,0.033839179804052544,0.49043746714278447,0.022995268885861085,0.19101711397334706,0.41951592707178137,0.3237515001091107,0.056398657076901386,0.08705718698901238,0.31076553253064754,0.1171838789227432,0.1350168941491501,0.6682542889617464,0.8678640184982696,0.4372119494046906,0.8726875486520828,0.603189987140628,0.10708120396720207,0.552888513770671,0.061312641639347965,0.03843878854493295,2.030954610052767,0.8793404347031073
2022,0.8995610710216214,0.3087684240048941,0.32314509850496037,1.12069717276606,1.146096630215241,0.8012063325056111,0.29398804015109925,0.3800349146227655,0.9499278756603129,0.31725918280852217,0.27253077816479593,0.7343427458730641,0.7071154556347419,0.23292204713227563,0.2122832452784528,0.5815687214260871,0.1828177528394004,0.1246030302905896,0.0436613915952005,0.1215437032161285,0.1638810360273495,0.2714985517136115,0.1177064553944895,0.5796981887820822,0.2379749517969051,0.5477717858008163,0.0894701040394382,0.0413284276034377,0.1193890918749626,0.1007340899916244,0.068450720509922,0.4994768669540503,0.5938034208306574,0.3386879526891181,0.6388832248314541,0.639091082074245,0.7303529378667475,2.389672779764413,1.3293371008016774,1.1397648000139078,0.2512352263672945,0.512943445521026,3.893298687421628,0.2725307781647959,1.422056566000937,0.1454075989283051,0.264044769972666,0.2714985517136115,0.2714985517136115,0.0686317809778902,0.0430497214697477,2.139567330101656,1.5576707725350702,0.3263473736744164,0.6726786236397836,0.0338720431581829,0.0744124162681201,0.0730983684009766,0.218168040808093,0.26404476997266607,0.06863178097789027,0.18281775283940047,0.12460303029058965,0.04366139159520059,0.0430497214697477,0.1215437032161285,0.2512352263672945,0.1638810360273495,0.11770645539448954,0.5796981887820822,0.5477717858008163,0.04132842760343776,0.11938909187496262,0.512943445521026,0.10073408999162442,0.06845072050992201,0.49947686695405036,0.5938034208306574,0.3386879526891181,0.639091082074245,0.7303529378667475,0.3263473736744164,0.6726786236397836,0.03387204315818291,0.0744124162681201,2.0244255117998247,0.8464090708065971
