,D0a,D0b,D0c,D0d,D0.5a,D0.5d,D0.5c,D0.5b,D1a,D1b,D1c,D1d,D2a,D2b,D2c,D2d,Pitman,Nooksack,McKenzie,Payette,Merced,Bear,Rex,Cole,Cedar,D23,Smith,Vallecito,Mission,Arlee,Andrews,Cache,Umatilla,Blazed_Alder,Little_Sandy,Little_North_Santiam,Encampment,King_Canyon,Halfmoon,Steptoe,Shitike,Lookout,East_Fork_Lewis,Sauk,Beaver,American_River_Near_Nile,South_Santiam,D1c_new,D0a_new,Merced_HI,Merced_HI_14,Merced_HI_194,North_Brush,Black_Gore,Lookout_old,Little_North_Santiam_old,Skokomish,Fraser,Williams,Randolph,Salina,Merced_CA,NorthBrush_WY,Encampment_WY,Rock_WY,Halfmoon_CO,BlackGore_CO,Vallecito_CO,Beaver_UT,Pitman_CA,Cole_CA,Cedar_WA,Sauk_WA,SFJocko_MT,Andrews_WA,American_WA,Cache_WY,Payette_ID,Umatilla_OR,Shitike_OR,BlazedAlder_OR,McKenzie_OR_OLD,Smith_OR,Bear_CA,Skokomish_WA,Fraser_CO,SFWilliams_CO,Lookout_CO,McKenzie_OR
2001,,,,,0.10707591734295484,0.10707591734295484,0.10707591734295484,0.10707591734295484,0.09147360222950586,0.09147360222950586,0.09147360222950586,0.09147360222950586,0.0829992383219944,0.0829992383219944,0.0829992383219944,0.0829992383219944,0.147574130221778,0.2724840943350617,0.3779705231900787,0.3289725832253202,0.2136447033201565,0.22877178433504,0.3752888017405654,0.2413569677708381,0.3650108322743938,0.0914736022295058,0.3620759681058644,0.1396168465793365,0.3071967847211519,0.2015462432423488,0.2048301319266977,0.2623312967316059,0.4283448804067034,0.3899672176936089,0.3610822482216838,0.358786292275399,0.2403798413815145,0.192723137234001,0.155969625491301,0.2401398103581781,0.4096842989135325,0.3578589631052896,0.3751907589051583,0.3444090727058954,0.2445021851998754,0.3483245132214153,0.3636860061262983,0.0914736022295058,,0.238186705018722,0.2136447033201565,0.2136447033201565,0.2989392242016182,0.1930385027485842,0.3587914661421987,0.3584300317335476,0.2551469279187651,0.1453749478899881,0.1841796795902625,0.2065882764934945,0.2208900675850343,0.23818670501872208,0.2989392242016182,0.24037984138151458,0.19272313723400103,0.15596962549130103,0.1930385027485842,0.13961684657933654,0.24450218519987546,0.147574130221778,0.24135696777083818,0.36501083227439385,0.34440907270589544,0.20154624324234885,0.20483013192669772,0.3483245132214153,0.26233129673160593,0.3289725832253202,0.4283448804067034,0.40968429891353253,0.3899672176936089,0.3779705231900787,0.36207596810586445,0.22877178433504008,0.2551469279187651,0.14537494788998814,0.1841796795902625,0.3574984566631384,0.36402205035506086
2002,,,,,0.24942406236157244,0.24942406236157244,0.24942406236157244,0.24942406236157244,0.2342304333678235,0.2342304333678235,0.2342304333678235,0.2342304333678235,0.23211823296075842,0.23211823296075842,0.23211823296075842,0.23211823296075842,0.2883528336798626,0.2461024237886699,0.2727925938432864,0.3049468154955258,0.1968240214637504,0.1892729272879466,0.2588561029439185,0.2366638702344684,0.2551051337592264,0.2343630130920144,0.2744708973047479,0.112014493950587,0.2878063695240874,0.2501128385580922,0.3042823431675609,0.2633239632906193,0.3027608749242432,0.2951753769120918,0.2559785515282118,0.2540345362795301,0.27195732676444,0.1848875850918362,0.1793625189057028,0.380909822419025,0.3064402012987316,0.2336721499368728,0.2524799324407161,0.2461853958461009,0.1652274571981672,0.280013497612995,0.2493507245844984,0.2342304333678235,,0.2103522521613037,0.1968240214637504,0.1968240214637504,0.2839776687999329,0.2240559056347437,0.2350257396825202,0.2497011287815446,0.179457228136546,0.1857336697827671,0.1950420901446527,0.3505256751398097,0.1928809455934987,0.21035225216130377,0.28397766879993297,0.27195732676444,0.18488758509183628,0.17936251890570284,0.22405590563474376,0.11201449395058702,0.16522745719816725,0.2883528336798626,0.23666387023446847,0.2551051337592264,0.24618539584610094,0.25011283855809224,0.3042823431675609,0.280013497612995,0.26332396329061936,0.3049468154955258,0.3027608749242432,0.3064402012987316,0.29517537691209184,0.2727925938432864,0.27447089730474794,0.1892729272879466,0.17945722813654605,0.18573366978276712,0.19504209014465274,0.2340783049015623,0.2702233932269421
2003,,,,,0.1685188443517773,0.1685188443517773,0.1685188443517773,0.1685188443517773,0.16176770974224244,0.16176770974224244,0.16176770974224244,0.16176770974224244,0.150194258383793,0.150194258383793,0.150194258383793,0.150194258383793,0.197095048630099,0.3419817090281647,0.3719891560381403,0.444964341040485,0.2808087307322743,0.170180528954095,0.3118281582012507,0.3539132773707339,0.3151962554396391,0.16377286811546,0.383240127385257,0.1259130618911664,0.4169282601145622,0.4990980075067486,0.5591655567807563,0.3137657451546168,0.4022948829396481,0.4071141071128461,0.3952299616319199,0.3956246337253349,0.2284826279280623,0.1942324614154685,0.1547496676115053,0.3401615541644042,0.3761757630529444,0.3958615617746546,0.3397560047868102,0.3491350915144206,0.2067142340794175,0.3498533694495232,0.3931113258339647,0.1617677097422424,,0.317792647142312,0.2808087307322743,0.2808087307322743,0.2667953944978627,0.1891126462742726,0.3967839871571817,0.3981901688379929,0.3205191399667537,0.1232283634186151,0.1629011482395075,0.3394332636125091,0.1915273530830958,0.31779264714231203,0.26679539449786277,0.22848262792806232,0.1942324614154685,0.1547496676115053,0.1891126462742726,0.1259130618911664,0.20671423407941758,0.19709504863009905,0.35391327737073397,0.31519625543963914,0.3491350915144206,0.4990980075067486,0.5591655567807563,0.3498533694495232,0.31376574515461686,0.444964341040485,0.40229488293964816,0.3761757630529444,0.4071141071128461,0.3719891560381403,0.383240127385257,0.17018052895409505,0.32051913996675374,0.12322836341861515,0.16290114823950758,0.3955424058038069,0.3786190145508213
2004,,,,,0.10946586102663358,0.10946586102663358,0.10946586102663358,0.10946586102663358,0.09329490035946947,0.09329490035946947,0.09329490035946947,0.09329490035946947,0.08159177761214376,0.08159177761214376,0.08159177761214376,0.08159177761214376,0.2854850245421878,0.2081713190195904,0.2247479395778156,0.4392490954754348,0.2819269580759532,0.183553352998994,0.2090319159137031,0.2403407690225385,0.205749814576079,0.0987760542999059,0.2298184223549982,0.1182191283682121,0.3780786048158002,0.3762689884177539,0.2272774532411512,0.2984438830465376,0.3746898514117704,0.2187722766862073,0.1980766902116616,0.2040083957548626,0.2017879001111328,0.17798107527644,0.2425074000903848,0.4437366829818012,0.2296164560146015,0.2218802312906534,0.1850081265587875,0.2096149548167356,0.2956157374323793,0.2513925282165161,0.2162811253273028,0.0932949003594694,,0.2481480221366188,0.2819269580759532,0.2819269580759532,0.2376835250667594,0.2201379500962875,0.2226779109437192,0.2022451709528436,0.1410307453374568,0.1152064384555879,0.1595853735133059,0.4193608627608757,0.3687570492362627,0.24814802213661882,0.2376835250667594,0.20178790011113285,0.17798107527644003,0.24250740009038482,0.2201379500962875,0.11821912836821218,0.29561573743237934,0.2854850245421878,0.24034076902253856,0.205749814576079,0.2096149548167356,0.37626898841775397,0.22727745324115123,0.2513925282165161,0.29844388304653763,0.43924909547543484,0.37468985141177047,0.2296164560146015,0.21877227668620738,0.2247479395778156,0.22981842235499825,0.183553352998994,0.14103074533745688,0.11520643845558796,0.15958537351330598,0.2212512399182744,0.220900135936718
2005,,,,,0.19895214080158835,0.19895214080158835,0.19895214080158835,0.19895214080158835,0.18920636937168644,0.18920636937168644,0.18920636937168644,0.18920636937168644,0.18515174581809346,0.18515174581809346,0.18515174581809346,0.18515174581809346,0.4539308208414033,0.2590283224652172,0.4388015948018884,0.5175894747815721,0.4001592270465794,0.3064048217189435,0.319406783378335,0.4709335229985216,0.3121658455214267,0.1977063303833515,0.4440741673575087,0.1830448272784881,0.364886440375668,0.3807224417324797,0.2881824547371717,0.4590181286475162,0.4984290796844756,0.4090883125831913,0.3701913800338146,0.3987508781412048,0.3825827525295372,0.3703375238529523,0.2154295341159824,0.3621429475906271,0.4765646708460296,0.4339114028849209,0.3418014468335042,0.2814569396975984,0.2097491527442121,0.405698782426702,0.4208468574679246,0.1892063693716864,,0.3882955439749499,0.4001592270465794,0.4001592270465794,0.4976100534177561,0.2760551646622386,0.4344409722043881,0.398351380007938,0.3224623198388105,0.2022677393111394,0.2742061608334625,0.3816240716133257,0.2340662806453628,0.3882955439749499,0.4976100534177561,0.3825827525295372,0.3703375238529523,0.21542953411598245,0.2760551646622386,0.18304482727848814,0.20974915274421216,0.45393082084140335,0.4709335229985216,0.31216584552142673,0.28145693969759844,0.3807224417324797,0.28818245473717174,0.405698782426702,0.45901812864751623,0.5175894747815721,0.49842907968447564,0.4765646708460296,0.4090883125831913,0.4388015948018884,0.44407416735750876,0.3064048217189435,0.3224623198388105,0.2022677393111394,0.2742061608334625,0.4332899159176127,0.4370392687852568
2006,,,,,0.26238349704837666,0.26238349704837666,0.26238349704837666,0.26238349704837666,0.23756469573855624,0.23756469573855624,0.23756469573855624,0.23756469573855624,0.223755972730012,0.223755972730012,0.223755972730012,0.223755972730012,0.3258535439544872,0.1964638229974112,0.2193370682132885,0.3693287397877034,0.3353883561728546,0.2943334107525354,0.1890046226354558,0.2588780744388873,0.1863777256021098,0.2434748849619134,0.2144479247948822,0.1442033297772214,0.3100411887569925,0.3323198769327162,0.2867736371291405,0.2433606859095307,0.2633961206918594,0.1872336049416394,0.1847460996461418,0.2069891848473624,0.2078876924847277,0.1667381944373016,0.155689711071413,0.3413562074314442,0.2240404972076752,0.2083576403507877,0.1585058693197804,0.2032945046352141,0.2599455044337478,0.2325699738438389,0.204190929125396,0.2375646957385562,,0.3531160428947376,0.3353883561728546,0.3353883561728546,0.2417712749981687,0.1620368071281147,0.2102705288019325,0.2083098977593859,0.1971757279240027,0.1415944385226099,0.1777605987912176,0.223186648636986,0.2047796185948811,0.3531160428947376,0.2417712749981687,0.2078876924847277,0.1667381944373016,0.155689711071413,0.16203680712811472,0.14420332977722145,0.25994550443374786,0.32585354395448723,0.25887807443888733,0.18637772560210986,0.20329450463521412,0.3323198769327162,0.2867736371291405,0.2325699738438389,0.24336068590953078,0.3693287397877034,0.26339612069185947,0.22404049720767522,0.18723360494163946,0.2193370682132885,0.21444792479488228,0.29433341075253544,0.19717572792400279,0.1415944385226099,0.17776059879121764,0.2094509535310253,0.2140358870406754
2007,,,,,0.12305974454704229,0.12305974454704229,0.12305974454704229,0.12305974454704229,0.11844535417562849,0.11844535417562849,0.11844535417562849,0.11844535417562849,0.11621582642799398,0.11621582642799398,0.11621582642799398,0.11621582642799398,0.1831328724742022,0.2876166790170227,0.1822765727950086,0.3192990865292843,0.1832379991750511,0.1139224481632397,0.2886814285514497,0.1475586351800567,0.2714406984888159,0.1183559193895683,0.1799488387281411,0.2076497491622641,0.3478488203069626,0.3572454762228667,0.2564403220013103,0.251666426738841,0.2331457416876947,0.195484692488957,0.1846274815460626,0.1843337952934709,0.275187413953238,0.2886951030271229,0.2690392772524919,0.1674615711375408,0.1789002439491734,0.1721489506084181,0.1826063022226604,0.3131498618567904,0.1885937962735273,0.2705746647936354,0.1786246248101524,0.1184453541756284,,0.1948813853762966,0.1832379991750511,0.1832379991750511,0.3222017942237405,0.3556749167791508,0.1735482562996546,0.1839659413609858,0.2278342408042792,0.2048998945294488,0.3045300320961713,0.2206940928074968,0.1927011355005934,0.1948813853762966,0.3222017942237405,0.27518741395323804,0.2886951030271229,0.2690392772524919,0.35567491677915086,0.20764974916226417,0.18859379627352738,0.18313287247420226,0.14755863518005674,0.2714406984888159,0.3131498618567904,0.35724547622286673,0.2564403220013103,0.27057466479363546,0.251666426738841,0.3192990865292843,0.23314574168769475,0.17890024394917348,0.195484692488957,0.1822765727950086,0.17994883872814119,0.11392244816323978,0.22783424080427925,0.20489989452944887,0.30453003209617135,0.1719730341053356,0.1800290554461009
2008,,,,,0.15613506351254974,0.15613506351254974,0.15613506351254974,0.15613506351254974,0.138072482523201,0.138072482523201,0.138072482523201,0.138072482523201,0.12612880875621776,0.12612880875621776,0.12612880875621776,0.12612880875621776,0.3865463817387674,0.19433549805931,0.2206456212540403,0.1591515605304224,0.4201229119779005,0.2718592179678111,0.2387857208339058,0.410588034552955,0.2528840037985824,0.1398077556405103,0.2518225391688014,0.1094878293921883,0.3449501267032545,0.310066106880757,0.2001669355589731,0.3067674572379033,0.3016900921845948,0.2654263040043418,0.2635316261432948,0.2612956746676098,0.2172410264180735,0.2740273965565795,0.2193308358801978,0.4056894746597091,0.2125234776524455,0.2459541576407185,0.2341611446850891,0.2172640984897508,0.2377789961157812,0.2716993328159708,0.242880902648162,0.138072482523201,,0.3917483121435903,0.4201229119779005,0.4201229119779005,0.3101594770478151,0.2444339823883253,0.2475437521078072,0.2626937471673434,0.1536933119597985,0.1565167622592502,0.2018115591513855,0.2639571138132753,0.2195971021980572,0.39174831214359035,0.3101594770478151,0.2172410264180735,0.27402739655657954,0.2193308358801978,0.24443398238832537,0.10948782939218837,0.23777899611578124,0.3865463817387674,0.41058803455295506,0.25288400379858245,0.21726409848975087,0.31006610688075703,0.20016693555897314,0.27169933281597086,0.3067674572379033,0.1591515605304224,0.30169009218459486,0.21252347765244556,0.2654263040043418,0.2206456212540403,0.25182253916880143,0.2718592179678111,0.15369331195979857,0.1565167622592502,0.20181155915138557,0.247699559949279,0.23126709625712452
2009,,,,,0.17248210653472607,0.17248210653472607,0.17248210653472607,0.17248210653472607,0.14628597226075304,0.14628597226075304,0.14628597226075304,0.14628597226075304,0.1329600166505785,0.1329600166505785,0.1329600166505785,0.1329600166505785,0.2544975690785161,0.2637383165907792,0.3149227675095107,0.3122110956945275,0.2988800044479658,0.2294956506183167,0.2534476822344731,0.3793779979853695,0.2742394483101404,0.1462862958653692,0.3135916265851386,0.1902858228929875,0.2944038873356409,0.2738292630810561,0.1614567969413404,0.2331782466826283,0.3974368203462942,0.3203783974392692,0.3192803280411382,0.298729638782274,0.2439236981408986,0.2311223885738751,0.2832631103844087,0.2068000752528263,0.3245560044112142,0.3128502560355683,0.3049854327156951,0.284847369369093,0.324886392534023,0.2649614405171792,0.3021501106237277,0.146285972260753,,0.2979303289033007,0.2988800044479658,0.2988800044479658,0.3118093511893621,0.2366725661943509,0.3138955547684264,0.2996027249193654,0.2568308268210991,0.2428356922281911,0.2551550568089262,0.214753691481732,0.3992856836057106,0.29793032890330073,0.31180935118936215,0.24392369814089865,0.23112238857387518,0.28326311038440877,0.23667256619435093,0.1902858228929875,0.32488639253402307,0.2544975690785161,0.37937799798536953,0.2742394483101404,0.284847369369093,0.27382926308105615,0.16145679694134046,0.26496144051717924,0.2331782466826283,0.31221109569452754,0.39743682034629424,0.32455600441121424,0.3203783974392692,0.3149227675095107,0.3135916265851386,0.22949565061831675,0.2568308268210991,0.24283569222819118,0.2551550568089262,0.3132870532532901,0.31006235961000556
2010,,,,,0.23101204280381732,0.23101204280381732,0.23101204280381732,0.23101204280381732,0.21303086331474802,0.21303086331474802,0.21303086331474802,0.21303086331474802,0.2039130769331729,0.2039130769331729,0.2039130769331729,0.2039130769331729,0.2387679960204968,0.2241706585412664,0.3052636244802897,0.3084259214599694,0.2897951599813844,0.1661659401139634,0.2689575982379907,0.3777597558281005,0.2740034041691822,0.2149248888036705,0.311383034797781,0.1791565240529791,0.2884184966811189,0.2930458214551736,0.2938214949500688,0.3047885707571417,0.3105132094177233,0.2902757342945298,0.3007164696481245,0.3103345539338121,0.2403036701071157,0.1737355042059806,0.2318349568378806,0.3351408370708622,0.3047165884653202,0.3338769751177394,0.2768659674920508,0.2401349920276451,0.1977316647387849,0.2849855967858525,0.3108926591873965,0.213030863314748,,0.2945301694680755,0.2897951599813844,0.2897951599813844,0.2375297737091655,0.2316271978293071,0.3341603092414203,0.315567727295181,0.204384461161137,0.1262266296794389,0.2165886910443365,0.3563063387538099,0.2264186087633906,0.2945301694680755,0.2375297737091655,0.2403036701071157,0.17373550420598066,0.2318349568378806,0.23162719782930719,0.17915652405297913,0.1977316647387849,0.23876799602049684,0.3777597558281005,0.2740034041691822,0.24013499202764518,0.2930458214551736,0.2938214949500688,0.28498559678585256,0.3047885707571417,0.30842592145996944,0.3105132094177233,0.3047165884653202,0.2902757342945298,0.3052636244802897,0.311383034797781,0.16616594011396343,0.20438446116113707,0.12622662967943893,0.21658869104433656,0.333911662435396,0.30707988486165794
2011,,,,,0.19369610131187753,0.19369610131187753,0.19369610131187753,0.19369610131187753,0.1908076674600864,0.1908076674600864,0.1908076674600864,0.1908076674600864,0.18926163427051085,0.18926163427051085,0.18926163427051085,0.18926163427051085,0.1439329137065783,0.2776637274260157,0.3712466243103135,0.4369908049699884,0.1953784877966728,0.1274002960953078,0.3118096378112377,0.2567712422946973,0.323521539262614,0.1915899425884212,0.3849276261433863,0.2042515800862102,0.3713351548344485,0.3247080053754366,0.3576301570706963,0.3488487055160082,0.4332124770507284,0.3847806340496296,0.3695205393624143,0.3656490657572313,0.202052078962526,0.1549613837752071,0.2398817343041647,0.3456538391209784,0.3645531933246734,0.3812966867743539,0.3448200492790881,0.2974293937736567,0.2343438687103372,0.3737604243014581,0.3697684747771134,0.1908076674600864,,0.2181000552255346,0.1953784877966728,0.1953784877966728,0.2436538020273462,0.2553935101591641,0.3829599370867891,0.3674900955417897,0.2826117517220056,0.1297540084713776,0.2238978505650757,0.3833168397031651,0.2047129613143146,0.21810005522553463,0.2436538020273462,0.202052078962526,0.1549613837752071,0.23988173430416473,0.25539351015916417,0.2042515800862102,0.23434386871033722,0.14393291370657832,0.2567712422946973,0.323521539262614,0.2974293937736567,0.32470800537543665,0.3576301570706963,0.3737604243014581,0.3488487055160082,0.43699080496998843,0.43321247705072846,0.3645531933246734,0.3847806340496296,0.3712466243103135,0.3849276261433863,0.1274002960953078,0.2826117517220056,0.1297540084713776,0.22389785056507572,0.3819015627614027,0.3725561371888452
2012,,,,,0.10645347790548636,0.10645347790548636,0.10645347790548636,0.10645347790548636,0.08861575053837277,0.08861575053837277,0.08861575053837277,0.08861575053837277,0.07928956763719772,0.07928956763719772,0.07928956763719772,0.07928956763719772,0.2954827279306357,0.3210229394787876,0.3639141498256794,0.5643728559309564,0.4243140042020773,0.1639748125953784,0.3154080011708554,0.563300840053692,0.3131541040234946,0.0952877717383489,0.3794907552274976,0.1258701330503259,0.3425764524473335,0.3496763299335905,0.254145714870243,0.3835688177564436,0.3933131483629034,0.3334362817549734,0.3341431675358293,0.3485535603082445,0.3092009369245402,0.2954297428259013,0.1537003929045974,0.2193075462081838,0.3461510887807175,0.3725923540913651,0.3350908335218883,0.3360761234125775,0.1804576569386171,0.3404023738723941,0.3630557692089124,0.0886157505383727,,0.4398143012682921,0.4243140042020773,0.4243140042020773,0.3555464843985705,0.2541908858541233,0.3736038795948216,0.3515981788398388,0.3210864666597854,0.1855344382125024,0.2802093411149652,0.4779896870185344,0.1562051879819845,0.43981430126829213,0.35554648439857056,0.30920093692454026,0.29542974282590134,0.1537003929045974,0.25419088585412336,0.12587013305032596,0.18045765693861715,0.29548272793063574,0.563300840053692,0.3131541040234946,0.33607612341257753,0.3496763299335905,0.25414571487024307,0.3404023738723941,0.38356881775644364,0.5643728559309564,0.39331314836290343,0.34615108878071754,0.3334362817549734,0.3639141498256794,0.37949075522749764,0.16397481259537847,0.32108646665978546,0.18553443821250248,0.2802093411149652,0.3729875200797393,0.36879067439733965
2013,,,,,0.19257412554188827,0.19257412554188827,0.19257412554188827,0.19257412554188827,0.18491169312985006,0.18491169312985006,0.18491169312985006,0.18491169312985006,0.18208349947739746,0.18208349947739746,0.18208349947739746,0.18208349947739746,0.1651250738636262,0.2808698995111369,0.2116574888466898,0.1990900127854188,0.2182400211399293,0.1676689991277349,0.2561481646621098,0.2401592415461415,0.2547028656036861,0.1913916873202587,0.2182341158658273,0.1320625612681574,0.2568195516327997,0.2589977525961756,0.2091579605798143,0.3469737096951995,0.2768122546145273,0.243316404501788,0.2246886621574602,0.2105953773106185,0.2020704365179607,0.1929508747493764,0.2057625259984279,0.3795905179462154,0.2129770997692181,0.2012474203162056,0.2077901595107807,0.2462983552288619,0.1824904227307358,0.2368173348530834,0.2043264554319071,0.18491169312985,,0.2126985766565686,0.2182400211399293,0.2182400211399293,0.2781673798134057,0.267009325592834,0.2025977512003779,0.2099153104211872,0.2244065904093578,0.1035489622884103,0.1919737710579924,0.2663805669394021,0.1780380645372051,0.2126985766565686,0.2781673798134057,0.20207043651796075,0.19295087474937647,0.20576252599842793,0.267009325592834,0.1320625612681574,0.18249042273073585,0.16512507386362624,0.2401592415461415,0.2547028656036861,0.2462983552288619,0.25899775259617563,0.20915796057981437,0.2368173348530834,0.3469737096951995,0.19909001278541888,0.27681225461452735,0.2129770997692181,0.24331640450178807,0.2116574888466898,0.21823411586582733,0.16766899912773495,0.22440659040935784,0.1035489622884103,0.19197377105799243,0.2009176368379552,0.21148313167399385
2014,,,,,0.09328844483939211,0.09328844483939211,0.09328844483939211,0.09328844483939211,0.08050614386397612,0.08050614386397612,0.08050614386397612,0.08050614386397612,0.07388812364413955,0.07388812364413955,0.07388812364413955,0.07388812364413955,0.2500721500844381,0.3967233634113748,0.4219538248154166,0.4741243388519659,0.2259179285546441,0.1694085056411872,0.3856332472881822,0.2814430509166448,0.3659724801778641,0.0860294388934164,0.4220463982759296,0.183487160734413,0.3924137504446094,0.377699607066224,0.2845202590414029,0.1698046228040897,0.4484686286318861,0.3847633292784903,0.3794580291698282,0.4034960444054233,0.1547073038728213,0.1725130024721178,0.2192095032963143,0.2417163741001844,0.392230782801625,0.4035012917332668,0.4029619755038099,0.3823267530290412,0.2361684295399023,0.3778917177424389,0.4104967794686491,0.0805061438639761,,0.2438849689319353,0.2259179285546441,0.2259179285546441,0.1993893674112304,0.2310629712424351,0.4043286993538654,0.399791605176121,0.4208963149465701,0.1723147179744412,0.2102696947033538,0.1661481953203646,0.1513708704382926,0.2438849689319353,0.19938936741123042,0.15470730387282133,0.17251300247211787,0.21920950329631436,0.23106297124243513,0.18348716073441307,0.23616842953990239,0.25007215008443817,0.28144305091664484,0.36597248017786416,0.3823267530290412,0.377699607066224,0.2845202590414029,0.37789171774243896,0.16980462280408973,0.4741243388519659,0.44846862863188613,0.39223078280162504,0.3847633292784903,0.4219538248154166,0.4220463982759296,0.16940850564118726,0.4208963149465701,0.17231471797444126,0.21026969470335388,0.4030840895694024,0.41263136131661193
2015,,,,,0.23439042523300724,0.23439042523300724,0.23439042523300724,0.23439042523300724,0.2219156660258617,0.2219156660258617,0.2219156660258617,0.2219156660258617,0.21597644501119648,0.21597644501119648,0.21597644501119648,0.21597644501119648,0.2230143908961393,0.2015127241584966,0.1989596323216221,0.3291238735577884,0.2121788265723895,0.2775277786557381,0.2033049849361486,0.2444509269300761,0.2018306172175653,0.2247565729511104,0.2018932500072602,0.2652578879071166,0.31300148549373,0.3547831106486914,0.2207406732402261,0.4194227958433988,0.2487119362251116,0.2069469492566709,0.1968618580641576,0.2064490067962201,0.4521107317487714,0.5116273016387168,0.411103800422952,0.6385592919820934,0.1963261637779732,0.1978966678551417,0.1907091760901913,0.1992160673880391,0.4005018175658514,0.226285596998219,0.1911265382522837,0.2219156660258617,,0.2245106792891859,0.2121788265723895,0.2121788265723895,0.5648240036861689,0.463126619114215,0.1989134424753675,0.2070900145061112,0.1587466169612709,0.3076577940361549,0.4365038139242101,0.5201677434163219,0.3931698350109159,0.2245106792891859,0.5648240036861689,0.4521107317487714,0.5116273016387168,0.411103800422952,0.463126619114215,0.26525788790711663,0.4005018175658514,0.22301439089613934,0.2444509269300761,0.20183061721756537,0.19921606738803918,0.35478311064869145,0.22074067324022617,0.226285596998219,0.41942279584339887,0.3291238735577884,0.2487119362251116,0.19632616377797327,0.20694694925667098,0.1989596323216221,0.2018932500072602,0.27752777865573813,0.15874661696127096,0.3076577940361549,0.43650381392421017,0.1978345348446434,0.2005683076834939
2016,,,,,0.16747507895044766,0.16747507895044766,0.16747507895044766,0.16747507895044766,0.1621852986272659,0.1621852986272659,0.1621852986272659,0.1621852986272659,0.16113934635596788,0.16113934635596788,0.16113934635596788,0.16113934635596788,0.5937722262294856,0.242387140738287,0.2613695415224039,0.4927768525843397,0.4725522971944993,0.3669485527279525,0.2040327724500796,0.5255915383351479,0.1976830453688861,0.1623208565518002,0.2575376524696904,0.2253028806887438,0.390386090774786,0.4223034915843978,0.2425639673747411,0.3955158397202732,0.2986037434943366,0.2209262211875319,0.2046378734483608,0.217493204642585,0.3399844321674057,0.3081129746708405,0.2953126789478585,0.5270748179257991,0.2511457958757844,0.2461583068296082,0.1794880731605638,0.2275777761498935,0.3179332857492731,0.2079283251580286,0.233503609366619,0.1621852986272659,,0.4524107996131572,0.4725522971944993,0.4725522971944993,0.3889009627550177,0.2596207479440352,0.2475127460244301,0.2168430282165695,0.1994274045252354,0.1997992412838798,0.2607633618396506,0.4682548924438509,0.2892446086214589,0.4524107996131572,0.3889009627550177,0.33998443216740576,0.3081129746708405,0.29531267894785856,0.2596207479440352,0.2253028806887438,0.3179332857492731,0.5937722262294856,0.5255915383351479,0.19768304536888617,0.2275777761498935,0.4223034915843978,0.24256396737474117,0.20792832515802867,0.39551583972027327,0.49277685258433973,0.29860374349433666,0.2511457958757844,0.2209262211875319,0.2613695415224039,0.25753765246969046,0.36694855272795257,0.19942740452523547,0.19979924128387988,0.26076336183965065,0.2457113941294921,0.2534526526569518
2017,,,,,0.11587663391442504,0.11587663391442504,0.11587663391442504,0.11587663391442504,0.09842304699637154,0.09842304699637154,0.09842304699637154,0.09842304699637154,0.09058648292813269,0.09058648292813269,0.09058648292813269,0.09058648292813269,0.3209821687673425,0.3558649408075718,0.3682492853899994,0.4391673294478195,0.2463838293055228,0.2819233284713044,0.4023807628238856,0.2312389754300612,0.3946019235746894,0.0984230469963715,0.359009403613692,0.1093354759498497,0.3652625524399021,0.3614867095099164,0.3539224348295987,0.296167290553575,0.4227809486755697,0.3674024721380622,0.3300049851225969,0.3345652361514705,0.2041135374869976,0.1975473564906057,0.2041316310209888,0.3799410758194813,0.3881420630702352,0.3179760151262641,0.3215881717644841,0.3727552516777393,0.2568730432524321,0.3820950032719516,0.3286979911239798,0.0984230469963715,,0.228557624814837,0.2463838293055228,0.2463838293055228,0.2439975620513539,0.2292058221539886,0.3195656378496267,0.3307599892906901,0.281259772496597,0.1929402662412313,0.2243748739235791,0.3132229200179526,0.2444076484772406,0.228557624814837,0.2439975620513539,0.20411353748699762,0.19754735649060579,0.20413163102098883,0.22920582215398866,0.10933547594984978,0.25687304325243215,0.32098216876734253,0.2312389754300612,0.39460192357468943,0.3727552516777393,0.36148670950991646,0.35392243482959873,0.38209500327195167,0.29616729055357505,0.43916732944781955,0.4227809486755697,0.38814206307023524,0.3674024721380622,0.3682492853899994,0.359009403613692,0.28192332847130447,0.281259772496597,0.19294026624123137,0.22437487392357913,0.3182461261891123,0.3594074414202307
2018,,,,,0.20358302490365549,0.20358302490365549,0.20358302490365549,0.20358302490365549,0.18478796599119982,0.18478796599119982,0.18478796599119982,0.18478796599119982,0.17305197561668492,0.17305197561668492,0.17305197561668492,0.17305197561668492,0.4163129101604746,0.2118762138046846,0.2343132810295318,0.4217988380245339,0.4819653349535406,0.4025859826028287,0.2262168338318812,0.4191830699205786,0.2253048042039774,0.1864756590295643,0.2387155916170646,0.1956962666012808,0.4244993315454325,0.3740867788772706,0.2691563348658266,0.2993161987221212,0.2744186147577188,0.2276221022137541,0.2343094936333956,0.2437136249532893,0.3344511165639026,0.3787066442151479,0.2872534936004006,0.6268759380558201,0.2483932567262006,0.2613978306502957,0.2072799056039987,0.2312417972934731,0.4102628566259083,0.2428875548350098,0.2396071327005733,0.1847879659911998,,0.5007190779273736,0.4819653349535406,0.4819653349535406,0.3778660194699583,0.2607541752834377,0.2622054766373486,0.2472519351349875,0.1860071017244607,0.2455741217363802,0.2780377208256614,0.5319627178263935,0.4500970141923904,0.5007190779273736,0.37786601946995835,0.33445111656390264,0.3787066442151479,0.28725349360040064,0.26075417528343775,0.19569626660128084,0.4102628566259083,0.41631291016047467,0.41918306992057863,0.22530480420397747,0.23124179729347313,0.37408677887727065,0.26915633486582663,0.24288755483500984,0.2993161987221212,0.42179883802453394,0.2744186147577188,0.24839325672620063,0.22762210221375415,0.2343132810295318,0.23871559161706463,0.4025859826028287,0.18600710172446078,0.2455741217363802,0.2780377208256614,0.2624350184982101,0.23890763415594277
2019,,,,,0.18330903911983512,0.18330903911983512,0.18330903911983512,0.18330903911983512,0.15339013302712823,0.15339013302712823,0.15339013302712823,0.15339013302712823,0.1374954494645203,0.1374954494645203,0.1374954494645203,0.1374954494645203,0.5006482193405446,0.1845268553498618,0.3596761800687373,0.4947968726963881,0.4828675858179367,0.3404084084524838,0.2094454390809697,0.4871367359379609,0.2062527955797108,0.1597440822006731,0.3436700039702492,0.3287176675517713,0.3415180353765528,0.3875820366396351,0.2775539049277892,0.3027462938142102,0.3818622005346154,0.2617401900499531,0.2370136738635719,0.2798452978674281,0.3041807811510759,0.2343702885928362,0.3711518031032351,0.5340219916972688,0.3812744848674045,0.3162922903294953,0.2004149303576322,0.2144451260666352,0.4173480576147424,0.2651945284252078,0.3055146583345117,0.1533901330271282,,0.4739787354451807,0.4828675858179367,0.4828675858179367,0.4411047237144885,0.4333404433634555,0.3171925100530032,0.275967383765831,0.1369238134945138,0.1684026424723764,0.3367236999091979,0.3766345014461408,0.4723312717566368,0.47397873544518077,0.4411047237144885,0.3041807811510759,0.23437028859283623,0.3711518031032351,0.4333404433634555,0.32871766755177134,0.4173480576147424,0.5006482193405446,0.4871367359379609,0.20625279557971082,0.21444512606663524,0.3875820366396351,0.27755390492778925,0.26519452842520785,0.3027462938142102,0.49479687269638817,0.3818622005346154,0.3812744848674045,0.26174019004995314,0.3596761800687373,0.34367000397024927,0.3404084084524838,0.13692381349451385,0.16840264247237643,0.3367236999091979,0.3173440117004001,0.3448208978273221
2020,,,,,0.12867546253009965,0.12867546253009965,0.12867546253009965,0.12867546253009965,0.11759625683336104,0.11759625683336104,0.11759625683336104,0.11759625683336104,0.11168795314031793,0.11168795314031793,0.11168795314031793,0.11168795314031793,0.5118614673701927,0.2303414147584794,0.2777448745547292,0.404280771972269,0.4276642137730047,0.2947588789083262,0.1873041033803489,0.3755025710518504,0.185773531208191,0.1216307786711725,0.2778798300614091,0.1652201634608215,0.3955415502077583,0.4076038906963803,0.3144919894553162,0.3814129640468507,0.3513909741631867,0.2287183048281514,0.2167062124148884,0.2397233045335549,0.4644172116526993,0.534816728188003,0.2016299378898477,0.6323591235063565,0.2746903897964164,0.2571613884277527,0.1848917791387669,0.2112055066172186,0.4637035066758319,0.2158657661807164,0.2544482635279806,0.117596256833361,,0.4343555670772018,0.4276642137730047,0.4276642137730047,0.5461553192239009,0.2679643339187247,0.2593716640120349,0.2388187829747595,0.1592482837432034,0.1974076146758654,0.2461569644939319,0.2078047676940146,0.3031359580259939,0.43435556707720185,0.5461553192239009,0.46441721165269934,0.534816728188003,0.2016299378898477,0.2679643339187247,0.16522016346082152,0.46370350667583193,0.5118614673701927,0.3755025710518504,0.18577353120819107,0.21120550661721868,0.4076038906963803,0.3144919894553162,0.21586576618071648,0.38141296404685077,0.404280771972269,0.35139097416318676,0.27469038979641647,0.22871830482815148,0.2777448745547292,0.2778798300614091,0.29475887890832625,0.15924828374320343,0.19740761467586546,0.24615696449393196,0.2570831921730421,0.2738846229150684
2021,,,,,0.15406343393697344,0.15406343393697344,0.15406343393697344,0.15406343393697344,0.12402552648359987,0.12402552648359987,0.12402552648359987,0.12402552648359987,0.10827157692156018,0.10827157692156018,0.10827157692156018,0.10827157692156018,0.2720329641705855,0.169767602310883,0.1269500408431573,0.2792483952801954,0.2796897941044264,0.1773831012606588,0.134614046091818,0.314539671636944,0.1343631669128823,0.1374683990687997,0.1292261303862801,0.2082031921098118,0.3213022664814894,0.3363369938055989,0.1820732725407007,0.365993059242042,0.1554121387950762,0.1313647393560715,0.1180658053301629,0.1199525369057875,0.1979888090853608,0.1400564398984872,0.2483300854527239,0.446551628157553,0.1153225184461172,0.1279102193562966,0.1078535009634428,0.1581595626878108,0.136155892298488,0.1293243398131933,0.1155041501690519,0.1240255264835998,,0.2870003188396778,0.2796897941044264,0.2796897941044264,0.1687410449372204,0.2812714238538222,0.1291234440148904,0.1225289918521156,0.1468484245105588,0.186934950507273,0.2184782904648108,0.3398003878020536,0.1828190635346554,0.28700031883967786,0.16874104493722042,0.19798880908536087,0.14005643989848723,0.24833008545272395,0.28127142385382226,0.20820319210981186,0.13615589229848807,0.27203296417058553,0.314539671636944,0.1343631669128823,0.15815956268781087,0.33633699380559895,0.18207327254070077,0.12932433981319333,0.36599305924204206,0.2792483952801954,0.15541213879507623,0.11532251844611721,0.13136473935607154,0.1269500408431573,0.12922613038628014,0.17738310126065882,0.14684842451055882,0.186934950507273,0.2184782904648108,0.127912844165313,0.12859498705533584
2022,,,,,0.17189505875688055,0.17189505875688055,0.17189505875688055,0.17189505875688055,0.15939874965249043,0.15939874965249043,0.15939874965249043,0.15939874965249043,0.15280310668588157,0.15280310668588157,0.15280310668588157,0.15280310668588157,0.1179292550326438,0.2914166914543044,0.3654721194993275,0.4052184485675555,0.1406699754551681,0.0615671052419715,0.3159217413938903,0.2408548296390589,0.3026752366801696,0.1642650656829798,0.3675153623055376,0.0753254390088866,0.3137555574328387,0.2683881390625591,0.2209992283469058,0.217496862709995,0.42024870113246,0.3371290970080862,0.3260885686141938,0.360333901214502,0.2097286335622548,0.1856729579401332,0.159173447158566,0.2475315737721419,0.3592912245334583,0.3718122619645981,0.2981795903002349,0.2832000048059082,0.1255059318632014,0.3257003862810879,0.3730371991407216,0.1593987496524904,,0.147556553149479,0.1406699754551681,0.1406699754551681,0.2606314863100723,0.1903856844864973,0.3724092810045401,0.3594976949616172,0.2248889767348222,0.0886690104017932,0.1503630698262791,0.1808400850343432,0.1635223405245957,0.14755655314947907,0.2606314863100723,0.20972863356225488,0.18567295794013322,0.15917344715856607,0.19038568448649737,0.07532543900888665,0.12550593186320141,0.11792925503264381,0.24085482963905896,0.3026752366801696,0.2832000048059082,0.26838813906255915,0.22099922834690583,0.3257003862810879,0.21749686270999508,0.4052184485675555,0.42024870113246005,0.35929122453345835,0.33712909700808624,0.3654721194993275,0.36751536230553766,0.06156710524197151,0.22488897673482225,0.08866901040179327,0.15036306982627917,0.3723724523621679,0.3592169057677947
