,D0a,D0b,D0c,D0d,D1a,D1b,D1c,D1d,D2a,D2b,D2c,D2d,Pitman,Nooksack,McKenzie,Payette,Cache,Merced,Bear,Rex,Cole,Cedar,D0.5d,D0.5b,D0.5c,D0.5a,D23,Smith,Vallecito,Mission,Arlee,Andrews,Umatilla,Blazed_Alder,Little_Sandy,Little_North_Santiam,Encampment,King_Canyon,Halfmoon,Steptoe,Shitike,Lookout,East_Fork_Lewis,Sauk,Beaver,American_River_Near_Nile,South_Santiam,D1c_new,D0a_new,Merced_HI,Merced_HI_14,Merced_HI_194,North_Brush,Black_Gore,Lookout_old,Little_North_Santiam_old,Skokomish,Fraser,Williams,Randolph,Salina,Merced_CA,NorthBrush_WY,Encampment_WY,Rock_WY,Halfmoon_CO,BlackGore_CO,Vallecito_CO,Beaver_UT,Pitman_CA,Cole_CA,Cedar_WA,Sauk_WA,SFJocko_MT,Andrews_WA,American_WA,Cache_WY,Payette_ID,Umatilla_OR,Shitike_OR,BlazedAlder_OR,McKenzie_OR_OLD,Smith_OR,Bear_CA,Skokomish_WA,Fraser_CO,SFWilliams_CO,Lookout_CO,McKenzie_OR
2001,0.0076606407619075785,2.0438585385827195,6.79107788109799,14.527055035378071,0.006464213742848963,1.1552734329225525,3.8928711559007243,11.385621560849941,0.0045174435418766385,0.9013127243143494,3.4516924849107373,9.690710917292837,5.747670620993724,1.6756528615054105,15.188741057821533,8.114673801003423,10.410974541398058,10.327676746601608,7.282028983215448,2.55301815054727,2.7901736274422184,3.623576391433292,12.633628790496669,1.3018126764868605,4.5974524430741255,0.008331770241510194,3.996791272511981,4.2069558475318125,4.543567643857189,4.190083978865951,8.049088674359782,6.367309690689596,7.256830575615103,4.113110408662932,3.531874628660381,3.1606277320028,6.905175785815901,7.707396301409705,7.434156676112171,11.26085354151499,15.66171274214538,6.25034939942015,3.063707026348328,4.142645025286439,12.694076276021176,6.727571164408759,6.795695380458135,3.996791272511981,0.0080809574614668,4.975593970145085,10.327676746601608,10.327676746601608,6.315550566596842,11.93957533597681,5.813100111354242,3.685810200881767,4.521704712688767,6.167357056644613,10.355763219487322,4.690098005872086,8.854894975991531,4.975593970145085,6.036318856673646,6.746695446145898,7.417259394838914,7.341962050282506,11.93957533597681,4.543567643857189,12.694076276021175,5.747670620993724,2.7901736274422184,3.623576391433292,4.142645025286439,8.049088674359782,6.367309690689596,6.727571164408759,10.410974541398058,8.114673801003423,7.256830575615103,15.661712742145381,4.113110408662932,15.188741057821533,4.2069558475318125,7.282028983215448,4.521704712688767,6.066209400171428,10.258384885814273,8.131069261072264,22.111895313972006
2002,0.011120434524863358,3.598453111118555,9.617598884343527,14.806900835666584,0.011275726238275066,1.2715262836352625,4.505310600548654,8.810002293210022,0.007488835966055805,0.885349613158604,2.7161170304477427,7.2874320306358795,5.136640356533725,1.5197133835598609,6.238669958645154,5.42812877365891,8.929986786061361,8.386257550373301,6.325870264905307,1.912303542802306,2.3652422559313244,3.014592024159945,10.236414973017416,2.0171718597891246,6.37274368808454,0.014808858295560836,4.442256670389825,2.637808183403569,7.52552843672072,3.569089718712684,7.467481095517279,6.306550234901221,4.062210230465276,2.2286348307536588,3.42665648013418,2.052579599436213,10.800994123845593,11.647525884538226,9.883817759916958,8.065066530446282,5.244554051186887,4.931317342225394,2.8765985897138475,3.8924059145666976,11.67841746427802,5.522642659833042,3.6899532163517663,4.505310600548654,0.0112461960176368,4.768750520521972,8.386257550373301,8.386257550373301,8.7793744319847,11.34037942217105,4.706935759823423,2.347844548873484,3.713818524700194,10.17576445208374,13.08648064807906,5.839737431092905,9.127713396115144,4.768750520521972,8.7793744319847,10.800994123845593,11.647525884538226,9.883817759916958,11.34037942217105,7.5255284367207205,11.67841746427802,5.136640356533725,2.3652422559313244,3.014592024159945,3.796561360657975,7.467481095517279,6.306550234901221,5.522642659833042,8.929986786061361,5.42812877365891,4.062210230465276,5.244554051186887,2.2286348307536588,6.238669958645154,2.637808183403569,6.325870264905307,3.7138185247001934,10.156986297013308,13.08648064807906,5.439964094748889,10.242710316825548
2003,0.00909420776164869,3.0960246521635075,8.895833501839675,13.549348208937326,0.012892021412395491,1.7868206858451579,5.87217316652261,9.894417470881987,0.009669657667608956,1.3509846433236108,4.508581774762891,9.426193438204493,5.9363576969802025,1.740860668638641,9.294532158508575,5.0367622247387045,13.907769613422971,11.164164771706854,10.390512849491689,3.804910323915947,2.484678928053099,5.870282444883078,10.753990665408796,2.3813163996914812,7.026705399703008,0.015457792554300851,5.379514562884834,3.502498460182749,6.354233971587256,4.109860813067299,9.888630266499082,5.341706569614104,3.715508628893616,1.780339411525877,4.104593885466938,2.919796095468814,8.031853948647242,8.433301805317816,10.368672251024122,23.31944351116566,9.017897089685762,2.165176271187016,2.1720016634771944,3.6405228127507794,12.12199093976736,4.994220923093386,3.2390866988120868,5.639693122690312,0.0092132539925041,4.225751482001771,11.164164771706854,11.164164771706854,7.59492173957938,11.438449056691606,2.195787943153708,2.6440007692891028,5.742802587115128,7.07286242230632,8.480717700772834,5.160882715876266,8.343491485420586,4.225751482001771,7.563693961883082,8.031853948647242,8.392410023627335,10.48890057615859,11.438449056691606,6.354233971587256,12.121990939767361,5.9363576969802025,2.484678928053099,5.870282444883078,3.503385340895416,9.888630266499082,5.341706569614104,4.994220923093386,13.907769613422971,5.0367622247387045,3.715508628893616,9.017897089685762,1.780339411525877,9.294532158508575,3.502498460182749,10.390512849491689,5.742802587115128,6.946999547444195,8.480717700772834,2.899617833664904,11.44941931506812
2004,0.008583792782067173,2.4393752021829846,8.674174611892477,22.093755053336373,0.011796833007693276,2.116126121792932,6.87691083749836,17.931807620862894,0.009160747260037684,1.826642716049358,6.410347895645647,17.432071929952325,5.051406778079612,1.8916350657362184,6.1180311472388365,5.990412284347682,11.829851224991687,5.769652189209319,4.884426095064244,1.6035827120929906,1.9566931048481568,1.8692499572697567,19.064833527527796,2.209536721475513,7.28663620161414,0.014072802065402398,5.939104360318446,1.7017557330868514,4.771186853488797,5.546065226800379,12.07837131944148,4.3661753789958535,4.873226177022404,2.1389734457001266,2.841683133202894,1.6617402242894452,9.829247151275831,11.222652089739604,7.697652247206747,10.1080313179506,6.520422052043667,2.329750074550644,2.3493030476330694,4.2760959211760365,11.36993029811076,6.291740460832896,2.161723057543815,6.960480554476528,0.008710338099286,3.9735518101317866,5.769652189209319,5.769652189209319,9.66434288521194,11.446513676217451,2.340185918621516,2.007890567709263,3.2477581826726207,6.4883960346127,13.595443159004413,5.270958365475051,6.748893151592977,3.904613183568304,10.291008947052035,9.787934909286468,11.836118445460237,7.603521902497245,11.411037498846639,4.687019072254559,11.328971453451839,5.051406778079612,1.9566931048481566,1.8692499572697572,4.2760959211760365,12.07837131944148,4.3661753789958535,6.291740460832896,11.829851224991689,5.990412284347682,4.873226177022404,6.520422052043667,2.1389734457001266,6.1180311472388365,1.7017557330868514,4.884426095064244,3.2477581826726207,6.6787002464555485,13.533290480847299,2.673346681307624,5.796476604199201
2005,0.012512230909755772,4.043007780554159,13.346210825676595,23.64949733872152,0.015563825569698651,3.144483413644644,9.403273594987134,18.5992101698112,0.01195898937484651,2.66497526502391,8.643797935079327,18.575587565401886,3.435501539847792,1.7679012848489697,11.027450063741805,5.550303565314849,9.602402293677642,6.669858504982652,5.308592694890195,3.9710582312715736,1.6874986577409694,4.939000436389033,19.708353208747077,3.4882998897459805,10.1327167600497,0.017635310404989817,7.489734442904358,3.384038825359376,4.472597069046926,5.139800395008013,12.221109155560152,11.757159650730795,7.93284924275696,3.7394805644890026,5.285699678538412,3.831488748814064,5.899239077218525,6.580485849899342,8.494648583553591,6.963229994178652,12.766601771955404,6.20514960446768,4.534929488882998,4.104098512434268,8.525991545221657,7.077915864049039,4.856709568423314,9.403273594987134,0.0125122309097557,3.646932830663271,6.669858504982652,6.669858504982652,6.102231160983025,11.14551424194136,6.523827722508148,4.976176022322735,3.860191498357224,6.252148220657539,9.2774270482372,2.0131147487203265,5.992059381059329,3.646932830663271,6.102231160983025,5.899239077218525,6.580485849899342,8.494648583553591,11.14551424194136,4.396550472023871,8.525991545221657,3.4355015398477913,1.6874986577409694,4.939000436389033,4.104098512434268,12.221109155560152,11.757159650730797,7.077915864049039,9.602402293677642,5.543233779230354,7.93284924275696,12.766601771955404,3.7394805644890026,11.027450063741805,3.384038825359376,5.308592694890195,3.8601914983572234,6.252148220657539,9.2774270482372,6.433787627044783,10.848139991280476
2006,0.011105375454024815,3.154418624027418,8.967187997727343,17.77205769036108,0.012937758271999554,1.589008071796463,5.144363271908437,13.612578286977856,0.00964606108943015,1.4431222387818774,4.382504269421284,13.34988761622167,3.27139798096994,1.7238389505266014,8.7463440680174,3.797390166597725,8.84168621241419,5.95155582717638,4.773230832953237,1.2458692539406904,1.6702049674231851,2.0941981842631345,14.30858064591897,2.062622918253138,6.383434389676372,0.014876424628131064,4.971361419355509,2.601278952554373,5.238864566537333,3.630924333799624,4.987578769387104,5.100478558971987,4.708929756863678,2.902667532943981,3.5628420945598545,3.119976967565904,6.513765102712062,7.78483662946694,6.92840904208685,13.642973811379516,6.228852509346801,4.448365100980823,3.934150706217864,4.491963766178905,12.04264331887575,6.154710133195873,2.964080428727347,5.20007122709567,0.0112586184940457,3.013035584531246,5.95155582717638,5.95155582717638,6.154395202384537,11.019015364969986,4.80446572263861,3.993775533466451,5.25859415247078,5.7234028448079455,8.659386878232224,3.163827744982207,8.497724977001816,3.013035584531246,5.937218364720694,6.613027996052711,7.8469502937309015,6.8587314012291145,10.644778576146951,5.226701277658908,12.04264331887575,3.27139798096994,1.6702049674231851,2.0941981842631345,4.491963766178905,4.987578769387104,4.844340049211825,6.154710133195873,9.046576172155834,3.7973901665977254,4.708929756863678,6.228852509346801,2.9026675329439815,8.7463440680174,2.601278952554373,4.773230832953237,5.25859415247078,5.876813407827849,8.999654390601208,5.212521948955988,5.265799416530883
2007,0.01438256689484807,3.2495198539235766,7.318121427167325,13.009886272185923,0.016180597554349307,1.7604817988110613,4.072658280762287,9.65272020044852,0.011457929557481528,1.4115395144182132,4.248313228633739,9.997200038566454,5.130434227495717,1.1546234672882143,7.859347080255327,4.826832743320115,14.036631910074162,8.242519085596152,5.754818705444789,2.3084173159904284,2.2432002928656494,3.745175148587276,10.407224486000857,1.9073809082233395,4.266139525320531,0.019688062225072408,4.084799948130385,2.860107073591109,5.805189107175825,3.394196729415644,6.836375637098047,6.522401530838631,4.493661356129659,2.3111472604392924,4.985669958343359,3.1428780984775524,6.09073099981756,5.721921741451917,9.646235423301908,8.27048660903609,7.064387583197473,3.702735510233042,3.394596712176241,3.160080344336551,7.52964320781631,4.367298325155334,3.3123703377364024,4.767267461487228,0.0192546539210731,4.730229116685161,8.242519085596152,8.242519085596152,8.74366899911518,11.918159382281422,3.8307836207571446,3.4426963336070844,2.879621959584321,4.989819571379213,8.612021687590884,4.006288567788347,6.309832343838153,4.5842524962569815,8.74366899911518,6.09073099981756,5.721921741451917,9.646235423301908,11.918159382281422,5.805189107175825,7.424497157581458,5.130434227495717,2.2432002928656494,3.745175148587276,3.160080344336551,6.836375637098047,6.522401530838631,4.367298325155334,14.036631910074162,4.826832743320115,4.493661356129659,7.064387583197473,2.3111472604392924,7.859347080255327,2.860107073591109,5.641913841385426,2.8796219595843215,4.989819571379213,8.612021687590884,4.123181156194191,5.580281290085726
2008,0.007544700301896514,2.300416947414307,7.320557030027082,16.038097049607742,0.00836424076537532,1.3087064883468447,4.18765060202573,11.265384998753598,0.006261491029167862,1.005217611628689,3.708709091578574,10.394386813065848,4.161625358502167,1.4034031017223416,10.465677207779631,5.997004029652098,6.101515564134177,8.737727515651835,6.744633072181727,3.266562596225291,1.9821771051191923,5.934002988319621,12.257513672395474,1.4795365791554076,5.144032137788072,0.010487879856314773,4.049967613678054,2.951053520927953,3.4645870657170943,4.956976870920154,8.089625957224902,6.075421612659463,6.117534642166165,2.593048739283321,2.382255328379726,2.658836235850827,4.912055403904908,6.972966066302678,6.408128697623544,10.713859705781196,11.926145860079746,5.706679545054753,1.98980067701589,4.299098595581553,13.68993157541768,8.046181050891311,4.576670684520009,4.279380455372679,0.0087003216474454,4.487187023568215,8.737727515651835,8.737727515651835,5.198012156088752,10.100186695962798,5.324397981281074,2.818247940154881,6.863846905977195,6.442400151063646,7.4294082523952065,4.209755473775198,10.026760311063793,4.4871870235682145,5.198012156088752,4.912055403904908,6.972966066302678,6.408128697623544,10.100186695962798,3.4645870657170943,13.689931575417681,4.161625358502167,1.9821771051191925,5.934002988319621,4.262896079337368,8.089625957224902,6.075421612659463,8.046181050891311,6.101515564134177,5.997004029652098,6.117534642166165,11.926145860079746,2.593048739283321,10.465677207779631,2.951053520927953,6.744633072181727,6.863846905977195,6.442400151063646,7.4294082523952065,6.095230011008508,12.741862256082062
2009,0.007529781023131466,1.8975747362110866,8.611522625082685,20.54383389787269,0.008733720674160304,1.5655464631595755,4.973737868701175,15.231677452937717,0.006767240344922703,1.3804796387005263,4.817158760033768,14.28499673409084,4.213102084257006,1.840465327126438,14.771491450149965,4.313637531114438,11.618402789033574,8.651461062770021,8.257571810153753,3.378239422562498,1.7667831982706237,4.708236225897351,16.188729963844146,1.5857984857197687,5.8505613273648915,0.010068488203784226,4.975177485916059,2.583353471952627,4.687920670648488,4.820519702855502,6.815785195383569,6.50101836106125,6.707447855652855,2.9809332835709306,2.735384644837705,2.86736182552624,5.151136670691813,6.170255863412072,8.065016998818018,16.133204766321686,12.930295699720569,3.821419529164377,2.4418041905264904,3.4791487602826257,16.852508714950652,5.96416859031211,3.5542228465251746,4.973737868701175,0.0075297810231314,3.362703171054904,8.651461062770021,8.651461062770021,5.774338928276105,9.223990697403714,3.7759049587954574,3.1965851497029245,4.491842751603395,5.22736854317575,7.586681674798758,3.47534126755783,7.602239334090986,3.3627031710549042,5.774338928276105,5.151136670691813,6.09971728797666,7.8565309361041855,9.223990697403714,4.687920670648488,16.852508714950652,4.213102084257006,1.7667831982706235,4.708236225897351,3.4791487602826257,6.815785195383569,6.50101836106125,5.96416859031211,11.618402789033574,4.313637531114438,6.707447855652855,12.930295699720569,2.9809332835709306,14.771491450149965,2.583353471952627,8.257571810153753,4.491842751603395,5.27908211707763,7.1924692314562675,4.453870521726982,14.637476507953457
2010,0.00983709240000728,2.744731834160988,8.726843249442169,19.29653633864029,0.011014567268282646,2.339811063469584,6.8297479164270225,15.017582240798403,0.008341751698712098,1.8966394296179212,5.922843287565838,13.623957670932718,3.883995738206388,1.8361840788677188,9.82202852865587,6.050753554395956,15.034179115127772,7.373604830397595,6.428312797168689,1.873201453493725,1.9583063090825736,3.0349458500330537,16.216350113257754,2.5507076124586145,7.58542098630008,0.013216515581614003,6.112382797565461,1.8338344304745269,5.0710237030773015,5.578916649646881,14.822669476261527,6.86141569053276,5.519732264943915,1.655564854231126,2.1912520614846627,1.4955655762923834,4.9263267590307525,5.419235277246958,9.085861540687642,12.112401035283629,9.034310616021092,2.370563285797936,2.179417875494196,4.373706673550032,11.491440124222596,6.888638875187667,1.6599294157522724,6.4079651546812775,0.0112489069121976,3.933397519959152,7.373604830397595,7.373604830397595,5.618626539745973,12.029717237256046,2.5039570045079245,1.8950507086242587,5.77672817753629,5.872501065324715,7.699515196376048,3.660246502442956,8.782995710503274,3.933397519959152,5.618626539745973,4.9263267590307525,5.419235277246958,9.085861540687642,12.029717237256046,5.0710237030773015,11.491440124222596,3.8839957382063877,1.9583063090825739,3.0349458500330537,4.287576799776344,14.822669476261527,6.86141569053276,6.888638875187667,15.034179115127772,6.050753554395956,5.519732264943915,9.034310616021092,1.6555648542311259,9.82202852865587,1.8338344304745269,6.428312797168689,5.77672817753629,5.872501065324715,7.595448228661451,2.8464504232082843,8.566709857101417
2011,0.01664149344595747,3.6582089318965667,8.050093919686999,16.851464218823903,0.01606811731154567,2.3598548161852166,6.541701215145041,15.013742980678483,0.010992208609757881,1.89575784667495,6.662144752252578,15.562916862482151,3.058283313683384,1.5245669630761547,7.360442617064359,4.916706337919412,6.163365458710696,6.436157299114644,5.024424592654668,3.0977089371646445,1.5638276169867014,4.320198573209913,14.280693442037595,2.3208270164868403,5.4827841151332315,0.02100158120148505,5.465051010374317,2.67702048364049,5.85278783603259,3.0284597736965577,6.372898936276066,4.748199995847482,3.126284207471836,1.998265978910467,2.882530117398662,2.483395039246661,4.239676037259068,4.931153928083611,5.346008182803213,8.130495969156392,6.751564380640339,2.377872372947713,2.0182165555038707,3.308937414481589,6.909986310226435,4.378384268678542,2.2222051695128866,5.493052666222736,0.0216669533027209,2.937907572893917,6.436157299114644,6.436157299114644,4.52691239558326,9.51383423870717,2.4588847754555534,2.5236203782795013,3.4172596600912164,4.729181965056718,7.249736681392324,2.5510300558784813,6.252501645631196,2.9379075728939172,4.52691239558326,4.239676037259068,4.931153928083611,5.346008182803213,9.51383423870717,5.85278783603259,6.909986310226435,3.058283313683384,1.5638276169867014,4.320198573209913,3.158949661764494,6.372898936276066,4.748199995847482,4.378384268678542,6.163365458710696,4.916706337919412,3.126284207471836,6.751564380640339,1.998265978910467,7.360442617064359,2.67702048364049,5.024424592654668,3.4172596600912164,4.729181965056718,7.249736681392324,2.609522725092784,4.529946805626327
2012,0.011865944673103607,3.236291065479187,9.567934002399404,22.672146295752494,0.010768629732978548,2.1523492530526007,7.1268328464513555,17.669482304568334,0.007939417527848637,1.8025896403530122,6.224494218863788,16.48441291252283,6.833746041797989,1.496670544641328,10.124548957224842,4.333406629821407,10.7271339612956,10.96505352781548,9.754447935835213,1.2534216816180606,1.9986447320431788,2.479286292166412,18.43620728105624,2.4716445391353625,7.951289036864447,0.01312283018957193,4.460368224075432,2.064863809776874,6.906356817038028,3.798594380684964,7.465676532986088,4.169324149555798,3.9454806428644353,2.032221430572068,1.7087780382272917,1.6264375322448326,9.882823935581364,10.623331784911413,10.338797275004667,11.090078906592517,8.077833264088081,2.373736091884432,1.3120141050747316,3.354365941853894,15.322286049413258,5.144766802768381,1.8098581786326484,7.053733993418946,0.0119695694244172,5.304022170357382,10.96505352781548,10.96505352781548,8.148190551646227,12.68021585683135,2.519382283556549,1.843128197085212,4.035463664959416,6.927885163527535,14.015150846497894,7.088981975778463,9.599464485705608,5.304022170357382,8.148190551646227,9.882823935581365,10.623331784911413,10.338797275004667,12.68021585683135,6.906356817038028,15.322286049413258,6.833746041797989,1.9986447320431788,2.4792862921664116,3.2824802858060704,7.465676532986088,4.169324149555798,5.144766802768381,10.7271339612956,4.333406629821407,3.9454806428644353,8.077833264088081,2.032221430572068,10.124548957224842,2.064863809776874,9.754447935835211,4.035463664959416,6.921021411504604,14.015150846497894,2.7525630398849,7.047623516000956
2013,0.010979885722135731,2.845275929178196,7.187884792133493,13.729642654312384,0.011531006037400196,1.627615053675746,4.827411111789737,10.216355689254229,0.008764351428517827,1.3290089826937372,4.112297145825485,9.963535750044075,4.881075504952773,1.6950336865927844,8.381475701729853,5.503478672308,9.12531611393486,9.077367491652067,7.881791792076726,1.9319828506150527,1.9467222821633112,3.239048373402243,10.720817291957648,1.9208344327730225,5.540411297027867,0.013660127104322876,4.399916942643277,3.2994781293081528,8.05638648754883,3.413411196038304,9.144540514787623,6.507776306084919,5.662347171457299,2.5146097231988502,2.2129446029265454,3.0254637617929125,6.768875555463092,8.24826498626774,6.929513281273109,14.05226228851151,9.269698026341167,7.626319024078731,2.4385994288736312,3.7577278510577217,17.60803025125835,5.454029028189916,5.041484408112416,4.875939957223348,0.0110922716564464,4.498683693931955,9.077367491652067,9.077367491652067,7.493964686558882,10.217155581885232,7.778511963823683,3.3552710227090583,2.9631840818797377,5.784503355891221,7.875921016093066,5.601237674562816,12.420033694417349,4.365055326224379,7.493964686558882,6.768875555463092,8.24826498626774,7.125404604277988,10.217155581885232,8.063738655145611,17.60803025125835,4.881075504952773,1.9467222821633112,3.239048373402243,3.7577278510577217,9.144540514787623,6.507776306084919,5.4540290281899155,9.341680175176759,5.503478672308,5.662347171457299,9.269698026341167,2.5146097231988502,8.381475701729853,3.2994781293081528,7.81477495086788,2.9631840818797377,5.785211820841624,7.875921016093066,8.049067543992892,10.711343332717728
2014,0.010729483568524665,2.6040582799220844,9.307565821554212,23.28372943692978,0.013373466070518246,2.349343667634563,7.112026973232818,15.945454353695274,0.00966864058087508,1.9918453634990165,6.9907424333349875,15.531299402699538,4.353159556603371,1.445012413964585,7.785655342805069,4.080146791418539,8.10711866613617,10.157988879462264,8.437227979400365,2.424787651645305,2.0221376483237856,3.669035494467411,17.452620116702473,2.2861577821732815,6.2596003948059495,0.016903058566925817,6.626552597438396,2.1165690238506256,5.027768263944903,2.976472155542817,7.857648916475322,5.225512733604309,3.7101704982249166,1.72382194073258,1.8583580787524712,1.464646118166397,5.375403250741048,5.384173325031634,6.809558492924678,13.153685026792171,7.668320800110236,2.79510057547199,1.4495676511934292,2.7609457025352127,17.15432506652059,5.12274738356331,1.8945809706024952,7.152510906364121,0.0107294835685246,5.710477913679636,10.157988879462264,10.157988879462264,4.847804798146616,11.06666087491367,2.887206310259925,1.7109453176827902,5.242770427952294,6.071690162191736,8.916277920703944,4.089136791419708,9.16766237335331,5.710477913679636,4.8478047981466155,5.375403250741048,5.384173325031634,6.809558492924678,11.06666087491367,5.027768263944903,17.15432506652059,4.353159556603371,2.0221376483237856,3.669035494467411,2.7609457025352127,7.857648916475322,5.225512733604309,5.12274738356331,8.10711866613617,4.080146791418539,3.7101704982249166,7.668320800110236,1.7238219407325799,7.785655342805069,2.1165690238506256,8.30705179946883,5.242770427952294,6.071690162191736,8.916277920703944,3.4276494055602464,8.993129881494257
2015,0.00973557439775049,2.795365454936907,9.12720392104858,18.4298516220228,0.012115779238794602,1.7202739922032233,6.029572414063979,14.35955587458746,0.00887854883929324,1.453546431872892,5.016384055687363,13.672947838937228,5.892932672210375,2.708947535424257,9.381673357429923,6.377182981679868,15.108548681312294,6.708355855673045,6.411362212573556,2.866087123357607,2.869351648443584,3.921375581318875,14.638342389497145,2.0277636888583936,6.95645788339303,0.014086383251545856,5.993831091307283,4.428270118663429,4.5066097070590665,4.995390822751,6.873507562774626,6.901824531847132,2.6697847879210066,3.932422290880454,3.548239544469685,3.3872840993070827,6.843394969942925,8.708886576120998,8.574332844496768,8.940133480775046,6.104971245319789,5.443487166026468,3.3373254461900377,4.965498633919372,18.133471003974712,5.322209801727384,4.212514572418867,6.129075586741688,0.0098908747984329,4.739644306360355,6.708355855673045,6.708355855673045,9.317988334618995,15.175808660049128,5.387156962652343,3.663889451033468,6.013622738811854,5.007097925694039,7.599546226660839,3.745989600841848,8.682541141953864,4.739644306360355,9.317988334618995,6.843394969942925,8.708886576120998,8.574332844496768,15.175808660049128,4.5066097070590665,18.133471003974712,5.8929326722103745,2.8693516484435837,3.921375581318875,4.965498633919372,6.873507562774626,6.901824531847132,5.322209801727384,15.108548681312294,6.3771829816798675,2.6697847879210066,6.104971245319789,3.932422290880454,9.381673357429923,4.428270118663429,6.411362212573556,6.013622738811854,5.007097925694039,7.599546226660839,6.805773902719437,11.42877911004343
2016,0.014066934704496737,3.533931386185449,10.093552440595355,23.875350249598267,0.013840084181920273,2.208523124150557,6.914521866652763,17.95770186112697,0.008885511630572742,1.5583966474275606,5.462232426474494,14.768985099614675,3.978998238631565,0.8271030692177213,4.387228697245522,4.353750351677015,9.197203413909117,6.13591731637494,5.110369774961374,2.433885303494574,1.2709810918512596,3.501174147259417,19.872713984240235,2.6994558202817753,8.078693538843174,0.01906952712011695,6.734979677808544,1.6373273141172042,5.002586888616593,3.737426788907961,7.442748260537521,4.662113975061362,4.740277405860605,1.892949080927516,3.1585961820785893,1.93928198082314,6.155683726611229,5.140731215377165,8.638137290309121,18.32854350475411,4.899508711615056,3.13377096324911,2.7442150263802896,1.4022455711071105,14.933720707004206,4.384774641161793,2.2414376031030443,6.914521866652763,0.0140669347044967,2.899824643427322,6.13591731637494,6.13591731637494,5.3454238614396825,13.036706901082216,3.2212157376490644,2.643888714899826,4.391429396349433,6.16426931962326,8.536861736884203,4.773846391184054,10.21048223672342,2.899824643427322,5.3454238614396825,6.155683726611229,5.140731215377165,8.608664941361248,13.036706901082217,5.002586888616593,14.999263578094892,3.9789982386315645,1.2709810918512596,3.501174147259417,1.4022455711071105,7.442748260537521,4.662113975061362,4.384774641161793,9.197203413909115,4.353750351677015,4.740277405860605,4.899508711615056,1.8929490809275162,4.387228697245522,1.6373273141172042,5.110369774961374,4.391429396349433,6.16426931962326,8.441822132318244,3.620299680506551,4.672613478445671
2017,0.011096575060478623,3.1531117292050057,10.899748490029559,25.123686859399747,0.012894844078896437,2.2637334446004433,6.875612906806672,16.46909481873358,0.008952054384769046,1.7542405308445055,6.082672569682927,14.736070804359139,3.0130405760515737,1.9997060363784536,5.076635460867576,4.110867619124935,4.759952350805037,4.989346456386527,4.41574573941122,1.7226313823705808,1.3342403387268935,2.677850266242792,18.278563338867045,2.392743745709507,7.331242364063092,0.016458714720896897,6.235299882105043,2.440879220459202,4.746097306127556,3.043675169643491,6.837169680687087,4.902898277228767,3.1190009814831035,2.0425536841313803,3.0428674988923365,1.8616681338345755,6.845934401498171,9.979256938124031,7.57674262447109,10.303187553775466,4.309128390674392,3.7354301788839153,2.565288756229535,3.523047086032816,10.949373284225832,4.986281159691695,2.902431688349611,6.23534981283102,0.01657593786787,2.3449389684647066,4.989346456386527,4.989346456386527,9.207226466457994,13.861712677249548,3.4476314281084908,2.3630272091811944,4.837317966313057,7.175452212740093,10.567957311299397,1.9820009907925424,8.171404120303304,2.3449389684647066,9.188262070118444,6.845934401498171,9.979256938124033,7.550727845071696,13.861712677249548,4.746097306127556,11.071378741381455,3.0130405760515737,1.3342403387268935,2.677850266242792,3.523047086032816,6.837169680687087,4.902898277228767,4.986281159691695,4.669268814211797,4.026879099279322,3.1190009814831035,4.309128390674392,2.0425536841313803,5.076635460867576,2.440879220459202,4.41574573941122,4.837317966313057,7.175452212740093,10.567957311299397,4.287113903364013,5.0576934298758385
2018,0.008281852580433941,2.5483817006466993,7.375887202559332,12.572016406764908,0.009314650714401795,1.3991446380364587,4.486227540473508,9.853205940253995,0.007588800483302666,1.1776425339183587,3.5369342896741656,9.865972344410526,4.318346298597734,1.5043341333067657,6.826600059231469,4.098072506702322,6.49742208254322,6.049385193161565,5.746314063719478,3.631613712590683,1.9442261154573823,4.731090874015153,10.437721753352982,1.7897720487552076,5.673992287614703,0.010672279041916281,4.398353790746609,3.8118560363860463,6.800559422417348,2.3923062940999005,5.896460667428291,4.92477286163323,4.242243555811301,2.880130583252548,3.380305759046432,3.339328550228887,5.9545580161531735,7.093882944825837,8.397926355008561,18.178845860168057,6.8199061651244826,3.7550927939728473,2.516861274693703,2.471978406340152,10.577643476931303,4.992276257409437,3.884247562773656,4.596678833957864,0.0082818525804339,4.326259876344516,6.049385193161565,6.049385193161565,6.132560885466058,10.433088400959708,3.9822387001474944,3.6537610109996415,4.647795012202069,5.841979797880101,8.53378622515638,3.397365948739679,8.397863825138693,4.3262598763445155,6.132560885466058,5.9545580161531735,7.093882944825837,8.397926355008561,10.433088400959708,6.800559422417348,10.577643476931303,4.318346298597734,1.9442261154573826,4.731090874015153,2.471978406340152,5.896460667428291,4.92477286163323,4.992276257409437,6.49742208254322,4.098072506702322,4.242243555811301,6.8199061651244826,2.880130583252548,6.826600059231469,3.8118560363860463,5.746314063719478,4.647795012202069,5.841979797880101,8.53378622515638,4.148585757829097,7.133153396632394
2019,0.006495886530932158,2.2205605215064015,8.890379129100458,21.80136523982905,0.008292098492534159,1.5231109776841414,5.909667693111859,15.474096239836562,0.006755607628326625,1.4031118632452932,4.908961269350672,13.581117416678136,3.2085890277032054,1.098225524495702,15.928069644826056,4.527854432090535,9.43005520024882,5.584372952929471,4.145982866912197,5.37334155048284,1.5783640457527597,5.037887750144674,18.21976671136045,1.7042634291358725,6.933731667652896,0.009314162300012495,5.484684663696711,3.18449216894524,3.4807451102773808,3.569075689018801,6.921534669203954,5.993927042339881,4.083167612307111,4.375591969054977,4.572279100286016,3.894587581889537,6.050849362453525,7.444892634909253,5.237742187315649,8.118745956661584,15.960285502920913,5.161629947411527,4.426367192907148,3.7734935580349225,6.242497434573968,6.404263589024859,4.229569022045359,6.010147917779414,0.0068503950872792,2.6936287032024,5.584372952929471,5.584372952929471,6.008614728134038,7.629527526452848,5.388947737196979,4.5273316006374245,5.376770247749772,5.526554746100031,8.222639921712402,3.431128884388724,6.855630061725512,2.6936287032023993,6.008614728134038,6.050849362453525,7.444892634909253,5.237742187315649,7.629527526452848,3.4807451102773808,6.242497434573968,3.2085890277032054,1.5783640457527595,5.037887750144674,3.7734935580349225,6.921534669203954,5.993927042339881,6.404263589024859,9.43005520024882,4.527854432090535,4.083167612307111,15.960285502920911,4.375591969054977,15.928069644826056,3.1844921689452397,4.145982866912197,5.376770247749772,5.526554746100031,8.222639921712402,5.669772666584629,13.846403786826462
2020,0.012180839912076337,2.9953563833612007,8.292493510275792,19.519363235172765,0.013123015059047746,1.843002688830043,5.170810936254433,12.942896347620154,0.009427826414225349,1.4519231992019999,4.681087782176891,12.995725991404822,7.115489153108585,1.6570245118763056,7.463890545424975,3.817523657393456,7.950777503615455,14.872057822163663,8.705075810977453,2.9610232161800494,1.5377065278331827,3.221386884665362,14.650699484660686,2.310739306037917,5.646521432216306,0.015962643863109093,5.029733386961337,1.8794580920239703,6.573562106740864,3.0005202342365687,7.504435397937819,4.753897723274237,2.645734195797956,1.993252340350859,3.525666338222143,2.203124049699083,6.003233072070107,6.842474895001043,7.23618772042817,13.144009857368296,7.510134242016319,2.599680138627137,3.0437573907364266,3.5379998556967367,10.28140581585564,5.608473363896234,2.2087927593892376,5.2128904686522,0.0123079344103521,6.290630467970836,14.872057822163663,14.872057822163663,6.277743607970206,9.134381007641029,2.8968117522058536,3.101789638772774,4.157973411021983,6.7919377138335255,8.497227413747044,3.3245845872146047,8.337395926165659,6.290630467970836,6.260315947934562,6.003233072070107,6.631275426338282,7.286889090130682,9.068312330487213,6.613179329646119,10.281405815855639,7.115489153108585,1.5377065278331827,3.221386884665362,3.5379998556967367,7.504435397937819,4.753897723274237,5.608473363896234,7.935311083907091,3.8175236573934557,2.6457341957979557,7.510134242016319,1.993252340350859,7.463890545424975,1.8794580920239703,8.705075810977453,4.157973411021983,7.038853358092895,8.370832484975795,2.9429913057191563,4.2535293026078
2021,0.01031321290833609,3.00820277376325,10.203081869497453,24.52889838896281,0.011404267838156014,1.9562309434690432,5.886360811943974,15.838785749822236,0.008594045452577092,1.5323183191050553,5.137147612566166,14.068610997084267,8.799811821164663,1.686593727887551,7.956996256648829,5.909325076800652,10.111234270231895,8.428322744825735,11.139389181500304,1.931715821856797,2.140677076440853,3.1586993349994272,19.332951264304754,2.275985457697828,7.720669475375675,0.015516805921841159,4.516098265423936,2.0954403397685386,6.896373482892942,4.56212266669172,9.63592675830147,5.238237009512393,5.606575020088174,2.436490393244604,5.024552884358809,2.182575176051523,7.882411998052564,8.428812604241926,10.922388564661755,6.109821768085315,7.563377092533063,3.9094696714761294,3.993752667149609,4.373501182374295,11.05144301345748,5.542985419082994,3.130753267965732,5.8191874813784485,0.009751159111244,5.445686367978498,8.428322744825735,8.428322744825735,6.65014134849562,10.860447422486464,4.008366490145125,2.712352594257827,4.94623147844671,5.601883795785018,8.729718424725787,10.59766551423768,9.614234432639057,5.445686367978498,6.6501413484956196,7.882411998052564,8.428812604241926,10.922388564661755,10.860447422486464,6.896373482892942,11.05144301345748,8.799811821164663,2.140677076440853,3.1586993349994272,4.373501182374295,9.63592675830147,5.238237009512393,5.542985419082994,10.111234270231897,5.909325076800652,5.606575020088174,7.563377092533063,2.436490393244604,7.956996256648829,2.0954403397685386,11.139389181500304,4.94623147844671,5.601883795785018,8.729718424725787,4.924336849387819,5.288823379544855
2022,0.011586525507717547,3.2336247529620605,13.799209457455305,27.665033497317374,0.0165377834597955,3.062229277293416,9.60072475615039,21.112636249205465,0.012586055007761538,2.745618758954704,9.542889349054434,20.504887858670852,5.788362811921096,1.654448660768871,7.524402362304126,6.7964463976836855,9.316353201984738,8.964358917146344,7.52502536937468,2.3314219580228785,2.0555967587062813,3.445777170662637,22.579362806623244,2.8120038168483825,9.70002259664771,0.01943582038643184,8.33000310410335,2.0057208100319697,3.6906217555775287,4.102774237063275,10.775856110404284,6.065603760049324,6.039628723855785,1.72820590339589,2.0347801982774323,1.6854617163082053,5.239111301439919,7.648154204904077,6.828853035230136,7.153455988051478,7.174705840747958,2.3750049557435347,1.5437280176259005,4.355600154493915,11.567150065143128,6.519157070159501,2.5695933785088667,9.60072475615039,0.011687865309295,5.041907179153717,8.964358917146344,8.964358917146344,6.883496845634503,11.57529607375566,2.3761208403688663,1.9765147256227715,4.479872154035896,6.164642939482436,7.153145368062315,4.445549457269758,8.762133998671006,5.041907179153717,6.883496845634503,5.239111301439919,7.648154204904077,6.828853035230136,11.575296073755661,3.6906217555775287,11.567150065143128,5.788362811921096,2.0555967587062813,3.4457771706626366,4.355600154493915,10.775856110404284,6.065603760049324,6.519157070159501,9.316353201984738,6.7964463976836855,6.039628723855785,7.174705840747958,1.7282059033958899,7.524402362304126,2.0057208100319697,7.5250253693746805,4.4798721540358954,6.164642939482436,7.153145368062315,2.607536737891084,5.060712194614094
